Name:          lucas-desktop
Driver:        remote
Last Activity: 2026-09-05 22:04:06 +0000 UTC

Nodes:
Name:             lucas-desktop0
Endpoint:         tcp://127.0.0.1:12342
Driver Options:   cacert="/Users/wardl/.config/lucas-engineering/pki/buildkit/k3s/ca.pem" cert="/Users/wardl/.config/lucas-engineering/pki/buildkit/k3s/client-cert.pem" key="/Users/wardl/.config/lucas-engineering/pki/buildkit/k3s/client-key.pem" servername="buildkit-k3s.lucas.internal"
Status:           running
BuildKit version: v0.32.2
Platforms:        linux/amd64, linux/amd64/v2, linux/amd64/v3, linux/386
Labels:
 org.mobyproject.buildkit.worker.executor:         oci
 org.mobyproject.buildkit.worker.hostname:         ubuntu-desktop
 org.mobyproject.buildkit.worker.network:          host
 org.mobyproject.buildkit.worker.oci.process-mode: sandbox
 org.mobyproject.buildkit.worker.selinux.enabled:  false
 org.mobyproject.buildkit.worker.snapshotter:      overlayfs
GC Policy rule#0:
 All:            false
 Filters:        type==source.local type==exec.cachemount type==source.git.checkout
 Keep Duration:  48h0m0s
 Max Used Space: 488.3MiB
GC Policy rule#1:
 All:            false
 Keep Duration:  1440h0m0s
 Reserved Space: 10GiB
 Max Used Space: 200GiB
 Min Free Space: 100GiB
GC Policy rule#2:
 All:            false
 Reserved Space: 10GiB
 Max Used Space: 200GiB
 Min Free Space: 100GiB
GC Policy rule#3:
 All:            true
 Reserved Space: 10GiB
 Max Used Space: 200GiB
 Min Free Space: 100GiB
repository_root=/Users/wardl/Personal/apps/pharness-astra-corrected-runtime-release
remote=origin
branch=main
verified_revision=19b0c55c48e3614d0b4507d56df3029a52475618
worktree_clean=true
repository_root=/Users/wardl/Personal/apps/pharness-astra-corrected-runtime-release
remote=origin
branch=main
verified_revision=19b0c55c48e3614d0b4507d56df3029a52475618
worktree_clean=true
#0 building with "lucas-desktop" instance using remote driver

#1 [internal] load build definition from Dockerfile.ui
#1 transferring dockerfile:
#1 transferring dockerfile: 987B 0.9s done
#1 DONE 0.9s

#2 [internal] load metadata for docker.io/library/node:22-bookworm-slim@sha256:d649c27dae7ba0137b3cef5dd75baa422c08dc3d9e3fc0c23dfb172dc3cc6436
#2 ...

#3 [internal] load metadata for docker.io/nginxinc/nginx-unprivileged:1.27-alpine@sha256:65e3e85dbaed8ba248841d9d58a899b6197106c23cb0ff1a132b7bfe0547e4c0
#3 DONE 1.1s

#2 [internal] load metadata for docker.io/library/node:22-bookworm-slim@sha256:d649c27dae7ba0137b3cef5dd75baa422c08dc3d9e3fc0c23dfb172dc3cc6436
#2 DONE 1.1s

#4 [internal] load .dockerignore
#4 transferring context: 0.1s
#4 transferring context: 2B 0.2s done
#4 DONE 0.2s

#5 [stage-1 1/3] FROM docker.io/nginxinc/nginx-unprivileged:1.27-alpine@sha256:65e3e85dbaed8ba248841d9d58a899b6197106c23cb0ff1a132b7bfe0547e4c0
#5 resolve docker.io/nginxinc/nginx-unprivileged:1.27-alpine@sha256:65e3e85dbaed8ba248841d9d58a899b6197106c23cb0ff1a132b7bfe0547e4c0 0.0s done
#5 DONE 0.0s

#6 [builder 1/6] FROM docker.io/library/node:22-bookworm-slim@sha256:d649c27dae7ba0137b3cef5dd75baa422c08dc3d9e3fc0c23dfb172dc3cc6436
#6 resolve docker.io/library/node:22-bookworm-slim@sha256:d649c27dae7ba0137b3cef5dd75baa422c08dc3d9e3fc0c23dfb172dc3cc6436 0.0s done
#6 DONE 0.0s

#7 [internal] load build context
#7 transferring context: 876.65kB 4.7s
#7 transferring context: 2.03MB 9.8s
#7 transferring context: 4.19MB 15.1s
#7 transferring context: 5.75MB 20.2s
#7 transferring context: 6.46MB 25.3s
#7 transferring context: 7.11MB 30.3s
#7 transferring context: 8.22MB 35.3s
#7 transferring context: 9.66MB 40.4s
#7 transferring context: 11.55MB 45.4s
#7 transferring context: 13.47MB 50.7s
#7 transferring context: 15.10MB 55.8s
#7 transferring context: 16.36MB 60.9s
#7 transferring context: 19.22MB 65.9s
#7 transferring context: 22.37MB 71.0s
#7 transferring context: 25.29MB 76.3s
#7 transferring context: 27.53MB 81.5s
#7 transferring context: 29.13MB 86.8s
#7 transferring context: 31.45MB 91.8s
#7 transferring context: 32.96MB 96.9s
#7 transferring context: 34.01MB 99.1s done
#7 DONE 99.2s

#8 [builder 2/6] WORKDIR /build
#8 CACHED

#9 [builder 3/6] COPY ui/package.json ui/package-lock.json ./
#9 DONE 0.1s

#10 [builder 4/6] RUN npm ci --no-audit --no-fund
#10 6.238 
#10 6.238 added 157 packages in 6s
#10 6.239 npm notice
#10 6.239 npm notice New major version of npm available! 10.9.8 -> 12.0.2
#10 6.239 npm notice Changelog: https://github.com/npm/cli/releases/tag/v12.0.2
#10 6.239 npm notice To update run: npm install -g npm@12.0.2
#10 6.239 npm notice
#10 DONE 7.9s

#11 [builder 5/6] COPY ui/ .
#11 DONE 0.3s

#12 [builder 6/6] RUN npm run build
#12 0.364 
#12 0.364 > pharness-ui@0.0.0 build
#12 0.364 > vite build
#12 0.364 
#12 0.651 vite v6.4.2 building for production...
#12 0.728 transforming...
#12 5.464 ✓ 4634 modules transformed.
#12 5.792 rendering chunks...
#12 5.931 computing gzip size...
#12 5.965 dist/index.html                                              0.41 kB │ gzip:   0.27 kB
#12 5.965 dist/assets/ibm-plex-mono-latin-400-normal-CvHOgSBP.woff    13.14 kB
#12 5.965 dist/assets/ibm-plex-mono-latin-500-normal-CB9ihrfo.woff    13.16 kB
#12 5.965 dist/assets/ibm-plex-mono-latin-400-normal-DMJ8VG8y.woff2   14.71 kB
#12 5.965 dist/assets/ibm-plex-mono-latin-500-normal-DSY6xOcd.woff2   14.89 kB
#12 5.965 dist/assets/ibm-plex-sans-latin-400-normal-CYLoc0-x.woff    22.10 kB
#12 5.965 dist/assets/ibm-plex-sans-latin-700-normal-Bth3BMcD.woff    22.28 kB
#12 5.965 dist/assets/ibm-plex-sans-latin-400-normal-CDDApCn2.woff2   22.59 kB
#12 5.965 dist/assets/ibm-plex-sans-latin-700-normal-Bxkt5Cjx.woff2   22.83 kB
#12 5.965 dist/assets/ibm-plex-sans-latin-600-normal-Cu4Hd6ag.woff    23.88 kB
#12 5.965 dist/assets/ibm-plex-sans-latin-500-normal-BgVn5rGT.woff    23.92 kB
#12 5.965 dist/assets/ibm-plex-sans-latin-500-normal-6ng42L7E.woff2   24.18 kB
#12 5.965 dist/assets/ibm-plex-sans-latin-600-normal-CuJfVYMP.woff2   24.25 kB
#12 5.965 dist/assets/RepoModeApp-DoxsGptp.css                        21.35 kB │ gzip:   5.07 kB
#12 5.965 dist/assets/index-jo6iovqW.css                             109.54 kB │ gzip:  19.44 kB
#12 5.965 dist/assets/RepoModeApp-Dwq9Hnzd.js                        246.91 kB │ gzip:  59.92 kB
#12 5.965 dist/assets/index-CeuDTDBP.js                              483.26 kB │ gzip: 133.74 kB
#12 5.966 ✓ built in 5.28s
#12 6.081 npm notice
#12 6.081 npm notice New major version of npm available! 10.9.8 -> 12.0.2
#12 6.081 npm notice Changelog: https://github.com/npm/cli/releases/tag/v12.0.2
#12 6.081 npm notice To update run: npm install -g npm@12.0.2
#12 6.081 npm notice
#12 DONE 6.2s

#13 [stage-1 2/3] COPY deploy/docker/nginx-ui.conf.template /etc/nginx/templates/default.conf.template
#13 CACHED

#14 [stage-1 3/3] COPY --from=builder /build/dist /usr/share/nginx/html
#14 DONE 0.0s

#15 exporting to image
#15 exporting layers
#15 exporting layers 0.2s done
#15 ...

#16 [auth] sharing credentials for registry.lucas.engineering
#16 DONE 0.0s

#15 exporting to image
#15 exporting manifest sha256:1e8f81082340ec5ec98351e6eb5df0496b9b1c1b472c22ef6165237355f4999f 0.0s done
#15 exporting config sha256:19b732d58ca93f3a327aaba62da846657f618018173ebcf4e12f58d7a5facd8d 0.0s done
#15 pushing layers
#15 pushing layers 48.1s done
#15 pushing manifest for registry.lucas.engineering/pharness-ui:git-19b0c55c48e3614d0b4507d56df3029a52475618@sha256:1e8f81082340ec5ec98351e6eb5df0496b9b1c1b472c22ef6165237355f4999f
#15 pushing manifest for registry.lucas.engineering/pharness-ui:git-19b0c55c48e3614d0b4507d56df3029a52475618@sha256:1e8f81082340ec5ec98351e6eb5df0496b9b1c1b472c22ef6165237355f4999f 10.2s done
#15 DONE 58.5s

#17 resolving provenance for metadata file
#17 DONE 1.4s
repository_root=/Users/wardl/Personal/apps/pharness-astra-corrected-runtime-release
remote=origin
branch=main
verified_revision=19b0c55c48e3614d0b4507d56df3029a52475618
worktree_clean=true
#0 building with "lucas-desktop" instance using remote driver

#1 [internal] load build definition from Dockerfile.python-runner
#1 transferring dockerfile:
#1 transferring dockerfile: 3.09kB 0.5s done
#1 DONE 0.5s

#2 [internal] load metadata for docker.io/library/rust:1-bookworm@sha256:0e2bcaef56d041a486784e54104a81aebe0da44bd03019bd70bc0401e42e4a97
#2 DONE 0.0s

#3 [internal] load metadata for docker.io/library/debian:bookworm-slim@sha256:abd67ffcfa541b485a3dff59865ab629aa048a6c613e639d36e7456b0b229241
#3 DONE 1.4s

#4 [internal] load metadata for docker.io/library/python:3.11-slim@sha256:a630a63cdb314e2d138a2fca3e375e319e8568346ffafac5b980f888630ac4f1
#4 DONE 1.4s

#5 [internal] load .dockerignore
#5 transferring context: 0.1s
#5 transferring context: 2B 0.2s done
#5 DONE 0.2s

#6 [builder 1/6] FROM docker.io/library/rust:1-bookworm@sha256:0e2bcaef56d041a486784e54104a81aebe0da44bd03019bd70bc0401e42e4a97
#6 resolve docker.io/library/rust:1-bookworm@sha256:0e2bcaef56d041a486784e54104a81aebe0da44bd03019bd70bc0401e42e4a97 0.0s done
#6 DONE 0.0s

#7 [stage-2  1/12] FROM docker.io/library/python:3.11-slim@sha256:a630a63cdb314e2d138a2fca3e375e319e8568346ffafac5b980f888630ac4f1
#7 resolve docker.io/library/python:3.11-slim@sha256:a630a63cdb314e2d138a2fca3e375e319e8568346ffafac5b980f888630ac4f1 0.0s done
#7 DONE 0.1s

#8 [internal] load build context
#8 ...

#9 [codex 1/4] FROM docker.io/library/debian:bookworm-slim@sha256:abd67ffcfa541b485a3dff59865ab629aa048a6c613e639d36e7456b0b229241
#9 resolve docker.io/library/debian:bookworm-slim@sha256:abd67ffcfa541b485a3dff59865ab629aa048a6c613e639d36e7456b0b229241 0.0s done
#9 DONE 0.1s

#7 [stage-2  1/12] FROM docker.io/library/python:3.11-slim@sha256:a630a63cdb314e2d138a2fca3e375e319e8568346ffafac5b980f888630ac4f1
#7 CACHED

#8 [internal] load build context
#8 transferring context: 1.64MB 4.5s
#8 transferring context: 4.05MB 9.7s
#8 transferring context: 5.88MB 14.9s
#8 transferring context: 7.01MB 17.6s done
#8 DONE 17.6s

#10 [builder 2/6] WORKDIR /build
#10 CACHED

#11 [builder 3/6] COPY Cargo.toml Cargo.lock rust-toolchain.toml ./
#11 CACHED

#12 [builder 4/6] COPY crates ./crates
#12 CACHED

#13 [stage-2  2/12] RUN apt-get update     && apt-get install -y --no-install-recommends bubblewrap ca-certificates git     && rm -rf /var/lib/apt/lists/*     && useradd --uid 65532 --user-group --home-dir /workspace --no-create-home pharness
#13 0.339 Hit:1 http://deb.debian.org/debian trixie InRelease
#13 0.363 Get:2 http://deb.debian.org/debian trixie-updates InRelease [47.3 kB]
#13 0.402 Get:3 http://deb.debian.org/debian-security trixie-security InRelease [43.4 kB]
#13 0.448 Get:4 http://deb.debian.org/debian trixie/main amd64 Packages [9673 kB]
#13 1.104 Get:5 http://deb.debian.org/debian trixie-updates/main amd64 Packages [4412 B]
#13 1.124 Get:6 http://deb.debian.org/debian-security trixie-security/main amd64 Packages [251 kB]
#13 1.763 Fetched 10.0 MB in 2s (6474 kB/s)
#13 1.763 Reading package lists...
#13 2.409 Reading package lists...
#13 3.019 Building dependency tree...
#13 3.159 Reading state information...
#13 3.400 ca-certificates is already the newest version (20250419).
#13 3.400 The following additional packages will be installed:
#13 3.400   git-man libbrotli1 libcom-err2 libcurl3t64-gnutls liberror-perl libexpat1
#13 3.400   libgdbm-compat4t64 libgnutls30t64 libgssapi-krb5-2 libidn2-0 libk5crypto3
#13 3.400   libkeyutils1 libkrb5-3 libkrb5support0 libldap2 libnghttp2-14 libnghttp3-9
#13 3.401   libngtcp2-16 libngtcp2-crypto-gnutls8 libp11-kit0 libperl5.40 libpsl5t64
#13 3.401   librtmp1 libsasl2-2 libsasl2-modules-db libssh2-1t64 libtasn1-6
#13 3.402   libunistring5 perl perl-modules-5.40
#13 3.404 Suggested packages:
#13 3.404   gettext-base git-doc git-email git-gui gitk gitweb git-cvs git-mediawiki
#13 3.404   git-svn gnutls-bin krb5-doc krb5-user sensible-utils perl-doc
#13 3.404   libterm-readline-gnu-perl | libterm-readline-perl-perl make
#13 3.404   libtap-harness-archive-perl
#13 3.404 Recommended packages:
#13 3.404   procps patch less ssh-client krb5-locales libldap-common publicsuffix
#13 3.404   libsasl2-modules
#13 3.604 The following NEW packages will be installed:
#13 3.604   bubblewrap git git-man libbrotli1 libcom-err2 libcurl3t64-gnutls
#13 3.604   liberror-perl libexpat1 libgdbm-compat4t64 libgnutls30t64 libgssapi-krb5-2
#13 3.604   libidn2-0 libk5crypto3 libkeyutils1 libkrb5-3 libkrb5support0 libldap2
#13 3.604   libnghttp2-14 libnghttp3-9 libngtcp2-16 libngtcp2-crypto-gnutls8 libp11-kit0
#13 3.604   libperl5.40 libpsl5t64 librtmp1 libsasl2-2 libsasl2-modules-db libssh2-1t64
#13 3.605   libtasn1-6 libunistring5 perl perl-modules-5.40
#13 3.694 0 upgraded, 32 newly installed, 0 to remove and 12 not upgraded.
#13 3.694 Need to get 23.7 MB of archives.
#13 3.694 After this operation, 119 MB of additional disk space will be used.
#13 3.694 Get:1 http://deb.debian.org/debian-security trixie-security/main amd64 libexpat1 amd64 2.8.3-1~deb13u1 [123 kB]
#13 3.775 Get:2 http://deb.debian.org/debian trixie/main amd64 perl-modules-5.40 all 5.40.1-6 [3019 kB]
#13 4.061 Get:3 http://deb.debian.org/debian trixie/main amd64 libgdbm-compat4t64 amd64 1.24-2 [50.3 kB]
#13 4.062 Get:4 http://deb.debian.org/debian trixie/main amd64 libperl5.40 amd64 5.40.1-6 [4341 kB]
#13 4.311 Get:5 http://deb.debian.org/debian trixie/main amd64 perl amd64 5.40.1-6 [267 kB]
#13 4.325 Get:6 http://deb.debian.org/debian-security trixie-security/main amd64 bubblewrap amd64 0.12.0-1~deb13u1 [56.9 kB]
#13 4.328 Get:7 http://deb.debian.org/debian trixie/main amd64 libbrotli1 amd64 1.1.0-2+b7 [307 kB]
#13 4.344 Get:8 http://deb.debian.org/debian trixie/main amd64 libunistring5 amd64 1.3-2 [477 kB]
#13 4.365 Get:9 http://deb.debian.org/debian trixie/main amd64 libidn2-0 amd64 2.3.8-2 [109 kB]
#13 4.374 Get:10 http://deb.debian.org/debian trixie/main amd64 libp11-kit0 amd64 0.25.5-3 [425 kB]
#13 4.394 Get:11 http://deb.debian.org/debian trixie/main amd64 libtasn1-6 amd64 4.20.0-2+deb13u1 [50.1 kB]
#13 4.396 Get:12 http://deb.debian.org/debian trixie/main amd64 libgnutls30t64 amd64 3.8.9-3+deb13u4 [1469 kB]
#13 4.469 Get:13 http://deb.debian.org/debian trixie/main amd64 libkrb5support0 amd64 1.21.3-5+deb13u1 [33.1 kB]
#13 4.471 Get:14 http://deb.debian.org/debian trixie/main amd64 libcom-err2 amd64 1.47.2-3+b11 [25.0 kB]
#13 4.472 Get:15 http://deb.debian.org/debian trixie/main amd64 libk5crypto3 amd64 1.21.3-5+deb13u1 [81.2 kB]
#13 4.478 Get:16 http://deb.debian.org/debian trixie/main amd64 libkeyutils1 amd64 1.6.3-6 [9456 B]
#13 4.479 Get:17 http://deb.debian.org/debian trixie/main amd64 libkrb5-3 amd64 1.21.3-5+deb13u1 [326 kB]
#13 4.495 Get:18 http://deb.debian.org/debian trixie/main amd64 libgssapi-krb5-2 amd64 1.21.3-5+deb13u1 [138 kB]
#13 4.502 Get:19 http://deb.debian.org/debian trixie/main amd64 libsasl2-modules-db amd64 2.1.28+dfsg1-9 [19.8 kB]
#13 4.503 Get:20 http://deb.debian.org/debian trixie/main amd64 libsasl2-2 amd64 2.1.28+dfsg1-9 [57.5 kB]
#13 4.506 Get:21 http://deb.debian.org/debian trixie/main amd64 libldap2 amd64 2.6.10+dfsg-1 [194 kB]
#13 4.516 Get:22 http://deb.debian.org/debian trixie/main amd64 libnghttp2-14 amd64 1.64.0-1.1+deb13u1 [76.2 kB]
#13 4.521 Get:23 http://deb.debian.org/debian trixie/main amd64 libnghttp3-9 amd64 1.8.0-1 [67.7 kB]
#13 4.524 Get:24 http://deb.debian.org/debian trixie/main amd64 libngtcp2-16 amd64 1.11.0-1+deb13u1 [132 kB]
#13 4.530 Get:25 http://deb.debian.org/debian trixie/main amd64 libngtcp2-crypto-gnutls8 amd64 1.11.0-1+deb13u1 [29.5 kB]
#13 4.532 Get:26 http://deb.debian.org/debian trixie/main amd64 libpsl5t64 amd64 0.21.2-1.1+b1 [57.2 kB]
#13 4.534 Get:27 http://deb.debian.org/debian trixie/main amd64 librtmp1 amd64 2.4+20151223.gitfa8646d.1-2+b5 [58.8 kB]
#13 4.537 Get:28 http://deb.debian.org/debian trixie/main amd64 libssh2-1t64 amd64 1.11.1-1+deb13u1 [245 kB]
#13 4.549 Get:29 http://deb.debian.org/debian trixie/main amd64 libcurl3t64-gnutls amd64 8.14.1-2+deb13u4 [384 kB]
#13 4.569 Get:30 http://deb.debian.org/debian trixie/main amd64 liberror-perl all 0.17030-1 [26.9 kB]
#13 4.569 Get:31 http://deb.debian.org/debian trixie/main amd64 git-man all 1:2.47.3-0+deb13u1 [2205 kB]
#13 4.683 Get:32 http://deb.debian.org/debian trixie/main amd64 git amd64 1:2.47.3-0+deb13u1 [8862 kB]
#13 5.329 debconf: unable to initialize frontend: Dialog
#13 5.329 debconf: (TERM is not set, so the dialog frontend is not usable.)
#13 5.329 debconf: falling back to frontend: Readline
#13 5.330 debconf: unable to initialize frontend: Readline
#13 5.330 debconf: (Can't locate Term/ReadLine.pm in @INC (you may need to install the Term::ReadLine module) (@INC entries checked: /etc/perl /usr/local/lib/x86_64-linux-gnu/perl/5.40.1 /usr/local/share/perl/5.40.1 /usr/lib/x86_64-linux-gnu/perl5/5.40 /usr/share/perl5 /usr/lib/x86_64-linux-gnu/perl-base /usr/lib/x86_64-linux-gnu/perl/5.40 /usr/share/perl/5.40 /usr/local/lib/site_perl) at /usr/share/perl5/Debconf/FrontEnd/Readline.pm line 8, <STDIN> line 32.)
#13 5.330 debconf: falling back to frontend: Teletype
#13 5.337 debconf: unable to initialize frontend: Teletype
#13 5.337 debconf: (This frontend requires a controlling tty.)
#13 5.337 debconf: falling back to frontend: Noninteractive
#13 6.627 Fetched 23.7 MB in 2s (15.8 MB/s)
#13 6.674 Selecting previously unselected package libexpat1:amd64.
#13 6.674 (Reading database ... 
(Reading database ... 5%
(Reading database ... 10%
(Reading database ... 15%
(Reading database ... 20%
(Reading database ... 25%
(Reading database ... 30%
(Reading database ... 35%
(Reading database ... 40%
(Reading database ... 45%
(Reading database ... 50%
(Reading database ... 55%
(Reading database ... 60%
(Reading database ... 65%
(Reading database ... 70%
(Reading database ... 75%
(Reading database ... 80%
(Reading database ... 85%
(Reading database ... 90%
(Reading database ... 95%
(Reading database ... 100%
(Reading database ... 5645 files and directories currently installed.)
#13 6.694 Preparing to unpack .../00-libexpat1_2.8.3-1~deb13u1_amd64.deb ...
#13 6.700 Unpacking libexpat1:amd64 (2.8.3-1~deb13u1) ...
#13 6.745 Selecting previously unselected package perl-modules-5.40.
#13 6.745 Preparing to unpack .../01-perl-modules-5.40_5.40.1-6_all.deb ...
#13 6.748 Unpacking perl-modules-5.40 (5.40.1-6) ...
#13 7.067 Selecting previously unselected package libgdbm-compat4t64:amd64.
#13 7.068 Preparing to unpack .../02-libgdbm-compat4t64_1.24-2_amd64.deb ...
#13 7.071 Unpacking libgdbm-compat4t64:amd64 (1.24-2) ...
#13 7.118 Selecting previously unselected package libperl5.40:amd64.
#13 7.120 Preparing to unpack .../03-libperl5.40_5.40.1-6_amd64.deb ...
#13 7.124 Unpacking libperl5.40:amd64 (5.40.1-6) ...
#13 7.401 Selecting previously unselected package perl.
#13 7.402 Preparing to unpack .../04-perl_5.40.1-6_amd64.deb ...
#13 7.405 Unpacking perl (5.40.1-6) ...
#13 7.469 Selecting previously unselected package bubblewrap.
#13 7.471 Preparing to unpack .../05-bubblewrap_0.12.0-1~deb13u1_amd64.deb ...
#13 7.474 Unpacking bubblewrap (0.12.0-1~deb13u1) ...
#13 7.532 Selecting previously unselected package libbrotli1:amd64.
#13 7.533 Preparing to unpack .../06-libbrotli1_1.1.0-2+b7_amd64.deb ...
#13 7.536 Unpacking libbrotli1:amd64 (1.1.0-2+b7) ...
#13 7.598 Selecting previously unselected package libunistring5:amd64.
#13 7.600 Preparing to unpack .../07-libunistring5_1.3-2_amd64.deb ...
#13 7.603 Unpacking libunistring5:amd64 (1.3-2) ...
#13 7.673 Selecting previously unselected package libidn2-0:amd64.
#13 7.674 Preparing to unpack .../08-libidn2-0_2.3.8-2_amd64.deb ...
#13 7.677 Unpacking libidn2-0:amd64 (2.3.8-2) ...
#13 7.735 Selecting previously unselected package libp11-kit0:amd64.
#13 7.736 Preparing to unpack .../09-libp11-kit0_0.25.5-3_amd64.deb ...
#13 7.739 Unpacking libp11-kit0:amd64 (0.25.5-3) ...
#13 7.807 Selecting previously unselected package libtasn1-6:amd64.
#13 7.808 Preparing to unpack .../10-libtasn1-6_4.20.0-2+deb13u1_amd64.deb ...
#13 7.811 Unpacking libtasn1-6:amd64 (4.20.0-2+deb13u1) ...
#13 7.858 Selecting previously unselected package libgnutls30t64:amd64.
#13 7.859 Preparing to unpack .../11-libgnutls30t64_3.8.9-3+deb13u4_amd64.deb ...
#13 7.862 Unpacking libgnutls30t64:amd64 (3.8.9-3+deb13u4) ...
#13 7.955 Selecting previously unselected package libkrb5support0:amd64.
#13 7.957 Preparing to unpack .../12-libkrb5support0_1.21.3-5+deb13u1_amd64.deb ...
#13 7.960 Unpacking libkrb5support0:amd64 (1.21.3-5+deb13u1) ...
#13 8.002 Selecting previously unselected package libcom-err2:amd64.
#13 8.004 Preparing to unpack .../13-libcom-err2_1.47.2-3+b11_amd64.deb ...
#13 8.008 Unpacking libcom-err2:amd64 (1.47.2-3+b11) ...
#13 8.055 Selecting previously unselected package libk5crypto3:amd64.
#13 8.056 Preparing to unpack .../14-libk5crypto3_1.21.3-5+deb13u1_amd64.deb ...
#13 8.059 Unpacking libk5crypto3:amd64 (1.21.3-5+deb13u1) ...
#13 8.119 Selecting previously unselected package libkeyutils1:amd64.
#13 8.122 Preparing to unpack .../15-libkeyutils1_1.6.3-6_amd64.deb ...
#13 8.125 Unpacking libkeyutils1:amd64 (1.6.3-6) ...
#13 8.177 Selecting previously unselected package libkrb5-3:amd64.
#13 8.179 Preparing to unpack .../16-libkrb5-3_1.21.3-5+deb13u1_amd64.deb ...
#13 8.183 Unpacking libkrb5-3:amd64 (1.21.3-5+deb13u1) ...
#13 8.273 Selecting previously unselected package libgssapi-krb5-2:amd64.
#13 8.275 Preparing to unpack .../17-libgssapi-krb5-2_1.21.3-5+deb13u1_amd64.deb ...
#13 8.278 Unpacking libgssapi-krb5-2:amd64 (1.21.3-5+deb13u1) ...
#13 8.341 Selecting previously unselected package libsasl2-modules-db:amd64.
#13 8.343 Preparing to unpack .../18-libsasl2-modules-db_2.1.28+dfsg1-9_amd64.deb ...
#13 8.349 Unpacking libsasl2-modules-db:amd64 (2.1.28+dfsg1-9) ...
#13 8.401 Selecting previously unselected package libsasl2-2:amd64.
#13 8.403 Preparing to unpack .../19-libsasl2-2_2.1.28+dfsg1-9_amd64.deb ...
#13 8.406 Unpacking libsasl2-2:amd64 (2.1.28+dfsg1-9) ...
#13 8.458 Selecting previously unselected package libldap2:amd64.
#13 8.460 Preparing to unpack .../20-libldap2_2.6.10+dfsg-1_amd64.deb ...
#13 8.463 Unpacking libldap2:amd64 (2.6.10+dfsg-1) ...
#13 8.529 Selecting previously unselected package libnghttp2-14:amd64.
#13 8.531 Preparing to unpack .../21-libnghttp2-14_1.64.0-1.1+deb13u1_amd64.deb ...
#13 8.535 Unpacking libnghttp2-14:amd64 (1.64.0-1.1+deb13u1) ...
#13 8.584 Selecting previously unselected package libnghttp3-9:amd64.
#13 8.586 Preparing to unpack .../22-libnghttp3-9_1.8.0-1_amd64.deb ...
#13 8.589 Unpacking libnghttp3-9:amd64 (1.8.0-1) ...
#13 8.636 Selecting previously unselected package libngtcp2-16:amd64.
#13 8.637 Preparing to unpack .../23-libngtcp2-16_1.11.0-1+deb13u1_amd64.deb ...
#13 8.640 Unpacking libngtcp2-16:amd64 (1.11.0-1+deb13u1) ...
#13 8.691 Selecting previously unselected package libngtcp2-crypto-gnutls8:amd64.
#13 8.693 Preparing to unpack .../24-libngtcp2-crypto-gnutls8_1.11.0-1+deb13u1_amd64.deb ...
#13 8.696 Unpacking libngtcp2-crypto-gnutls8:amd64 (1.11.0-1+deb13u1) ...
#13 8.735 Selecting previously unselected package libpsl5t64:amd64.
#13 8.736 Preparing to unpack .../25-libpsl5t64_0.21.2-1.1+b1_amd64.deb ...
#13 8.739 Unpacking libpsl5t64:amd64 (0.21.2-1.1+b1) ...
#13 8.785 Selecting previously unselected package librtmp1:amd64.
#13 8.788 Preparing to unpack .../26-librtmp1_2.4+20151223.gitfa8646d.1-2+b5_amd64.deb ...
#13 8.791 Unpacking librtmp1:amd64 (2.4+20151223.gitfa8646d.1-2+b5) ...
#13 8.843 Selecting previously unselected package libssh2-1t64:amd64.
#13 8.844 Preparing to unpack .../27-libssh2-1t64_1.11.1-1+deb13u1_amd64.deb ...
#13 8.847 Unpacking libssh2-1t64:amd64 (1.11.1-1+deb13u1) ...
#13 8.903 Selecting previously unselected package libcurl3t64-gnutls:amd64.
#13 8.905 Preparing to unpack .../28-libcurl3t64-gnutls_8.14.1-2+deb13u4_amd64.deb ...
#13 8.909 Unpacking libcurl3t64-gnutls:amd64 (8.14.1-2+deb13u4) ...
#13 8.986 Selecting previously unselected package liberror-perl.
#13 8.987 Preparing to unpack .../29-liberror-perl_0.17030-1_all.deb ...
#13 8.990 Unpacking liberror-perl (0.17030-1) ...
#13 9.025 Selecting previously unselected package git-man.
#13 9.026 Preparing to unpack .../30-git-man_1%3a2.47.3-0+deb13u1_all.deb ...
#13 9.029 Unpacking git-man (1:2.47.3-0+deb13u1) ...
#13 9.136 Selecting previously unselected package git.
#13 9.137 Preparing to unpack .../31-git_1%3a2.47.3-0+deb13u1_amd64.deb ...
#13 9.149 Unpacking git (1:2.47.3-0+deb13u1) ...
#13 9.488 Setting up libexpat1:amd64 (2.8.3-1~deb13u1) ...
#13 9.498 Setting up bubblewrap (0.12.0-1~deb13u1) ...
#13 9.507 Setting up libkeyutils1:amd64 (1.6.3-6) ...
#13 9.516 Setting up libgdbm-compat4t64:amd64 (1.24-2) ...
#13 9.526 Setting up libbrotli1:amd64 (1.1.0-2+b7) ...
#13 9.535 Setting up libnghttp2-14:amd64 (1.64.0-1.1+deb13u1) ...
#13 9.545 Setting up libcom-err2:amd64 (1.47.2-3+b11) ...
#13 9.555 Setting up libkrb5support0:amd64 (1.21.3-5+deb13u1) ...
#13 9.566 Setting up libsasl2-modules-db:amd64 (2.1.28+dfsg1-9) ...
#13 9.576 Setting up libp11-kit0:amd64 (0.25.5-3) ...
#13 9.585 Setting up libunistring5:amd64 (1.3-2) ...
#13 9.596 Setting up libk5crypto3:amd64 (1.21.3-5+deb13u1) ...
#13 9.606 Setting up libsasl2-2:amd64 (2.1.28+dfsg1-9) ...
#13 9.617 Setting up libnghttp3-9:amd64 (1.8.0-1) ...
#13 9.627 Setting up perl-modules-5.40 (5.40.1-6) ...
#13 9.637 Setting up libtasn1-6:amd64 (4.20.0-2+deb13u1) ...
#13 9.648 Setting up git-man (1:2.47.3-0+deb13u1) ...
#13 9.658 Setting up libngtcp2-16:amd64 (1.11.0-1+deb13u1) ...
#13 9.668 Setting up libkrb5-3:amd64 (1.21.3-5+deb13u1) ...
#13 9.678 Setting up libssh2-1t64:amd64 (1.11.1-1+deb13u1) ...
#13 9.688 Setting up libldap2:amd64 (2.6.10+dfsg-1) ...
#13 9.698 Setting up libidn2-0:amd64 (2.3.8-2) ...
#13 9.712 Setting up libperl5.40:amd64 (5.40.1-6) ...
#13 9.722 Setting up perl (5.40.1-6) ...
#13 9.743 Setting up libgssapi-krb5-2:amd64 (1.21.3-5+deb13u1) ...
#13 9.755 Setting up libgnutls30t64:amd64 (3.8.9-3+deb13u4) ...
#13 9.765 Setting up libpsl5t64:amd64 (0.21.2-1.1+b1) ...
#13 9.775 Setting up liberror-perl (0.17030-1) ...
#13 9.786 Setting up librtmp1:amd64 (2.4+20151223.gitfa8646d.1-2+b5) ...
#13 9.797 Setting up libngtcp2-crypto-gnutls8:amd64 (1.11.0-1+deb13u1) ...
#13 9.809 Setting up libcurl3t64-gnutls:amd64 (8.14.1-2+deb13u4) ...
#13 9.819 Setting up git (1:2.47.3-0+deb13u1) ...
#13 9.842 Processing triggers for libc-bin (2.41-12+deb13u3) ...
#13 9.966 useradd warning: pharness's uid 65532 outside of the UID_MIN 1000 and UID_MAX 60000 range.
#13 DONE 10.4s

#14 [builder 5/6] RUN test "amd64" = "amd64"     && apt-get update     && apt-get install -y --no-install-recommends gcc-x86-64-linux-gnu libc6-dev-amd64-cross     && rm -rf /var/lib/apt/lists/*     && rustup target add x86_64-unknown-linux-gnu
#14 0.244 Get:1 http://deb.debian.org/debian bookworm InRelease [151 kB]
#14 0.358 Get:2 http://deb.debian.org/debian bookworm-updates InRelease [55.4 kB]
#14 0.392 Get:3 http://deb.debian.org/debian-security bookworm-security InRelease [34.8 kB]
#14 0.498 Get:4 http://deb.debian.org/debian bookworm/main amd64 Packages [8790 kB]
#14 1.107 Get:5 http://deb.debian.org/debian bookworm-updates/main amd64 Packages [6924 B]
#14 1.110 Get:6 http://deb.debian.org/debian-security bookworm-security/main amd64 Packages [336 kB]
#14 1.907 Fetched 9375 kB in 2s (5340 kB/s)
#14 1.907 Reading package lists...
#14 2.476 Reading package lists...
#14 3.005 Building dependency tree...
#14 3.123 Reading state information...
#14 3.277 gcc is already the newest version (4:12.2.0-3).
#14 3.277 The following additional packages will be installed:
#14 3.278   libc6-amd64-cross linux-libc-dev-amd64-cross
#14 3.318 The following NEW packages will be installed:
#14 3.319   libc6-amd64-cross libc6-dev-amd64-cross linux-libc-dev-amd64-cross
#14 3.400 0 upgraded, 3 newly installed, 0 to remove and 13 not upgraded.
#14 3.400 Need to get 5205 kB of archives.
#14 3.400 After this operation, 7294 kB of additional disk space will be used.
#14 3.400 Get:1 http://deb.debian.org/debian bookworm/main amd64 libc6-amd64-cross all 2.36-8cross1 [1472 kB]
#14 3.667 Get:2 http://deb.debian.org/debian bookworm/main amd64 linux-libc-dev-amd64-cross all 6.1.4-1cross1 [1839 kB]
#14 3.777 Get:3 http://deb.debian.org/debian bookworm/main amd64 libc6-dev-amd64-cross all 2.36-8cross1 [1894 kB]
#14 4.057 debconf: delaying package configuration, since apt-utils is not installed
#14 4.100 Fetched 5205 kB in 1s (9520 kB/s)
#14 4.143 Selecting previously unselected package libc6-amd64-cross.
#14 4.143 (Reading database ... 
(Reading database ... 5%
(Reading database ... 10%
(Reading database ... 15%
(Reading database ... 20%
(Reading database ... 25%
(Reading database ... 30%
(Reading database ... 35%
(Reading database ... 40%
(Reading database ... 45%
(Reading database ... 50%
(Reading database ... 55%
(Reading database ... 60%
(Reading database ... 65%
(Reading database ... 70%
(Reading database ... 75%
(Reading database ... 80%
(Reading database ... 85%
(Reading database ... 90%
(Reading database ... 95%
(Reading database ... 100%
(Reading database ... 23256 files and directories currently installed.)
#14 4.163 Preparing to unpack .../libc6-amd64-cross_2.36-8cross1_all.deb ...
#14 4.166 Unpacking libc6-amd64-cross (2.36-8cross1) ...
#14 4.350 Selecting previously unselected package linux-libc-dev-amd64-cross.
#14 4.352 Preparing to unpack .../linux-libc-dev-amd64-cross_6.1.4-1cross1_all.deb ...
#14 4.355 Unpacking linux-libc-dev-amd64-cross (6.1.4-1cross1) ...
#14 4.599 Selecting previously unselected package libc6-dev-amd64-cross.
#14 4.601 Preparing to unpack .../libc6-dev-amd64-cross_2.36-8cross1_all.deb ...
#14 4.604 Unpacking libc6-dev-amd64-cross (2.36-8cross1) ...
#14 4.819 Setting up linux-libc-dev-amd64-cross (6.1.4-1cross1) ...
#14 4.828 Setting up libc6-amd64-cross (2.36-8cross1) ...
#14 4.838 Setting up libc6-dev-amd64-cross (2.36-8cross1) ...
#14 4.914 info: syncing channel updates for stable-x86_64-unknown-linux-gnu
#14 5.476 info: latest update on 2026-09-03 for version 1.98.1 (48a229cea 2026-09-01)
#14 5.476 info: downloading 5 components
#14 20.23 info: component rust-std is up to date
#14 DONE 21.7s

#15 [builder 6/6] RUN cargo build --release --target x86_64-unknown-linux-gnu -p pharness-worker -p pharness-codex-host
#15 0.260     Updating crates.io index
#15 2.269  Downloading crates ...
#15 2.452   Downloaded crossbeam-epoch v0.9.20
#15 2.458   Downloaded futures-core v0.3.32
#15 2.472   Downloaded digest v0.10.7
#15 2.476   Downloaded colorchoice v1.0.5
#15 2.499   Downloaded equivalent v1.0.2
#15 2.501   Downloaded clap_lex v1.1.0
#15 2.503   Downloaded form_urlencoded v1.2.2
#15 2.517   Downloaded futures-io v0.3.32
#15 2.519   Downloaded cpufeatures v0.2.17
#15 2.522   Downloaded futures-macro v0.3.32
#15 2.526   Downloaded futures-task v0.3.32
#15 2.536   Downloaded serde_spanned v0.6.9
#15 2.547   Downloaded cfg-if v1.0.4
#15 2.550   Downloaded serde_urlencoded v0.7.1
#15 2.554   Downloaded crypto-common v0.1.7
#15 2.556   Downloaded generic-array v0.14.7
#15 2.586   Downloaded anstyle-query v1.1.5
#15 2.589   Downloaded cfg_aliases v0.2.1
#15 2.591   Downloaded futures-sink v0.3.32
#15 2.594   Downloaded heck v0.5.0
#15 2.597   Downloaded block-buffer v0.10.4
#15 2.620   Downloaded errno v0.3.14
#15 2.624   Downloaded idna_adapter v1.2.2
#15 2.627   Downloaded matchers v0.2.0
#15 2.629   Downloaded is_terminal_polyfill v1.70.2
#15 2.632   Downloaded lazy_static v1.5.0
#15 2.636   Downloaded itoa v1.0.18
#15 2.640   Downloaded sha2 v0.10.9
#15 2.646   Downloaded shlex v1.3.0
#15 2.648   Downloaded signal-hook-registry v1.4.8
#15 2.651   Downloaded rustls-pki-types v1.14.1
#15 2.657   Downloaded utf8_iter v1.0.4
#15 2.659   Downloaded subtle v2.6.1
#15 2.661   Downloaded tower-service v0.3.3
#15 2.664   Downloaded http-body v1.0.1
#15 2.666   Downloaded percent-encoding v2.3.2
#15 2.668   Downloaded potential_utf v0.1.5
#15 2.670   Downloaded lru-slab v0.1.2
#15 2.672   Downloaded tokio-macros v2.7.0
#15 2.679   Downloaded rustc-hash v2.1.2
#15 2.691   Downloaded anstyle v1.0.14
#15 2.694   Downloaded async-trait v0.1.89
#15 2.702   Downloaded futures-executor v0.3.32
#15 2.705   Downloaded sync_wrapper v1.0.2
#15 2.706   Downloaded secrecy v0.8.0
#15 2.710   Downloaded zerofrom-derive v0.1.7
#15 2.710   Downloaded strsim v0.11.1
#15 2.713   Downloaded crossbeam-deque v0.8.7
#15 2.717   Downloaded tinyvec_macros v0.1.1
#15 2.718   Downloaded untrusted v0.9.0
#15 2.721   Downloaded atomic-waker v1.1.2
#15 2.724   Downloaded want v0.3.1
#15 2.725   Downloaded displaydoc v0.2.5
#15 2.732   Downloaded anstyle-parse v1.0.0
#15 2.735   Downloaded globset v0.4.19
#15 2.738   Downloaded find-msvc-tools v0.1.9
#15 2.741   Downloaded rand_chacha v0.9.0
#15 2.743   Downloaded nu-ansi-term v0.50.3
#15 2.748   Downloaded stable_deref_trait v1.2.1
#15 2.750   Downloaded same-file v1.0.6
#15 2.752   Downloaded quote v1.0.45
#15 2.758   Downloaded http-body-util v0.1.3
#15 2.761   Downloaded hyper-rustls v0.27.9
#15 2.764   Downloaded ppv-lite86 v0.2.21
#15 2.767   Downloaded rand_core v0.9.5
#15 2.769   Downloaded try-lock v0.2.5
#15 2.771   Downloaded ipnet v2.12.0
#15 2.774   Downloaded bitflags v2.11.1
#15 2.782   Downloaded clap_derive v4.6.1
#15 2.786   Downloaded crossbeam-utils v0.8.21
#15 2.791   Downloaded futures-channel v0.3.32
#15 2.794   Downloaded yoke-derive v0.8.2
#15 2.796   Downloaded toml_write v0.1.2
#15 2.798   Downloaded toml_datetime v0.6.11
#15 2.800   Downloaded utf8parse v0.2.2
#15 2.801   Downloaded zerofrom v0.1.7
#15 2.803   Downloaded anstream v1.0.0
#15 2.806   Downloaded anyhow v1.0.102
#15 2.814   Downloaded hmac v0.12.1
#15 2.818   Downloaded pin-project-lite v0.2.17
#15 2.829   Downloaded once_cell v1.21.4
#15 2.834   Downloaded httparse v1.10.1
#15 2.838   Downloaded sharded-slab v0.1.7
#15 2.844   Downloaded slab v0.4.12
#15 2.846   Downloaded tower-layer v0.3.3
#15 2.848   Downloaded zmij v1.0.21
#15 2.851   Downloaded getrandom v0.3.4
#15 2.859   Downloaded camino v1.2.2
#15 2.863   Downloaded getrandom v0.2.17
#15 2.870   Downloaded clap v4.6.1
#15 2.889   Downloaded futures v0.3.32
#15 2.899   Downloaded getrandom v0.4.3
#15 2.906   Downloaded litemap v0.8.2
#15 2.910   Downloaded proc-macro2 v1.0.106
#15 2.917   Downloaded log v0.4.29
#15 2.921   Downloaded thiserror-impl v2.0.18
#15 2.924   Downloaded version_check v0.9.5
#15 2.926   Downloaded quinn-udp v0.5.14
#15 2.930   Downloaded icu_properties v2.2.0
#15 2.934   Downloaded synstructure v0.13.2
#15 2.935   Downloaded thiserror v2.0.18
#15 2.950   Downloaded base64 v0.22.1
#15 2.957   Downloaded thiserror v1.0.69
#15 2.971   Downloaded thread_local v1.1.9
#15 2.974   Downloaded writeable v0.6.3
#15 2.978   Downloaded icu_normalizer_data v2.2.0
#15 2.982   Downloaded ignore v0.4.32
#15 2.987   Downloaded icu_provider v2.2.0
#15 2.993   Downloaded icu_normalizer v2.2.0
#15 3.000   Downloaded thiserror-impl v1.0.69
#15 3.003   Downloaded walkdir v2.5.0
#15 3.007   Downloaded tracing-log v0.2.0
#15 3.010   Downloaded zeroize v1.8.2
#15 3.012   Downloaded tinystr v0.8.3
#15 3.017   Downloaded cc v1.2.61
#15 3.022   Downloaded bytes v1.11.1
#15 3.032   Downloaded icu_collections v2.2.0
#15 3.045   Downloaded serde_yaml v0.9.34+deprecated
#15 3.052   Downloaded smallvec v1.15.1
#15 3.056   Downloaded quinn v0.11.9
#15 3.062   Downloaded serde v1.0.228
#15 3.069   Downloaded rustls-webpki v0.103.13
#15 3.075   Downloaded tracing-attributes v0.1.31
#15 3.080   Downloaded http v1.4.0
#15 3.087   Downloaded memchr v2.8.0
#15 3.097   Downloaded mio v1.2.0
#15 3.111   Downloaded icu_locale_core v2.2.0
#15 3.125   Downloaded rand v0.9.4
#15 3.133   Downloaded indexmap v2.14.0
#15 3.140   Downloaded hyper-util v0.1.20
#15 3.152   Downloaded idna v1.1.0
#15 3.158   Downloaded zerovec-derive v0.11.3
#15 3.161   Downloaded tokio-rustls v0.26.4
#15 3.165   Downloaded reqwest v0.12.28
#15 3.174   Downloaded ryu v1.0.23
#15 3.180   Downloaded socket2 v0.6.3
#15 3.183   Downloaded futures-util v0.3.32
#15 3.211   Downloaded hyper v1.9.0
#15 3.222   Downloaded toml v0.8.23
#15 3.226   Downloaded unicode-ident v1.0.24
#15 3.231   Downloaded yoke v0.8.2
#15 3.234   Downloaded hashbrown v0.17.0
#15 3.243   Downloaded tinyvec v1.11.0
#15 3.248   Downloaded unsafe-libyaml v0.2.11
#15 3.253   Downloaded clap_builder v4.6.0
#15 3.264   Downloaded aho-corasick v1.1.4
#15 3.273   Downloaded icu_properties_data v2.2.0
#15 3.294   Downloaded serde_derive v1.0.228
#15 3.299   Downloaded toml_edit v0.22.27
#15 3.308   Downloaded tracing-core v0.1.36
#15 3.313   Downloaded iri-string v0.7.12
#15 3.327   Downloaded serde_core v1.0.228
#15 3.332   Downloaded quinn-proto v0.11.14
#15 3.343   Downloaded uuid v1.25.0
#15 3.348   Downloaded url v2.5.8
#15 3.352   Downloaded zerotrie v0.2.4
#15 3.358   Downloaded rustls v0.23.40
#15 3.380   Downloaded bstr v1.13.1
#15 3.392   Downloaded regex-syntax v0.8.10
#15 3.402   Downloaded typenum v1.20.0
#15 3.408   Downloaded tower v0.5.3
#15 3.426   Downloaded zerovec v0.11.6
#15 3.437   Downloaded tokio-util v0.7.18
#15 3.451   Downloaded regex-automata v0.4.14
#15 3.473   Downloaded libc v0.2.186
#15 3.541   Downloaded tower-http v0.6.8
#15 3.556   Downloaded serde_json v1.0.149
#15 3.569   Downloaded winnow v0.7.15
#15 3.586   Downloaded webpki-roots v1.0.7
#15 3.590   Downloaded tracing-subscriber v0.3.23
#15 3.604   Downloaded ring v0.17.14
#15 3.679   Downloaded zerocopy v0.8.48
#15 3.720   Downloaded syn v2.0.117
#15 3.738   Downloaded tracing v0.1.44
#15 3.761   Downloaded tokio v1.52.1
#15 3.921    Compiling proc-macro2 v1.0.106
#15 3.921    Compiling quote v1.0.45
#15 3.921    Compiling unicode-ident v1.0.24
#15 3.921    Compiling libc v0.2.186
#15 3.921    Compiling memchr v2.8.0
#15 3.931    Compiling pin-project-lite v0.2.17
#15 3.936    Compiling stable_deref_trait v1.2.1
#15 3.936    Compiling serde_core v1.0.228
#15 3.950    Compiling futures-core v0.3.32
#15 3.961    Compiling cfg-if v1.0.4
#15 3.974    Compiling bytes v1.11.1
#15 3.981    Compiling itoa v1.0.18
#15 3.994    Compiling serde v1.0.228
#15 3.995    Compiling futures-sink v0.3.32
#15 4.001    Compiling find-msvc-tools v0.1.9
#15 4.010    Compiling shlex v1.3.0
#15 4.010    Compiling once_cell v1.21.4
#15 4.010    Compiling smallvec v1.15.1
#15 4.011    Compiling litemap v0.8.2
#15 4.062    Compiling futures-io v0.3.32
#15 4.094    Compiling futures-channel v0.3.32
#15 4.132    Compiling writeable v0.6.3
#15 4.263    Compiling cc v1.2.61
#15 4.338    Compiling futures-task v0.3.32
#15 4.352    Compiling version_check v0.9.5
#15 4.353    Compiling slab v0.4.12
#15 4.379    Compiling zeroize v1.8.2
#15 4.379    Compiling subtle v2.6.1
#15 4.404    Compiling icu_normalizer_data v2.2.0
#15 4.484    Compiling utf8_iter v1.0.4
#15 4.506    Compiling icu_properties_data v2.2.0
#15 4.533    Compiling tracing-core v0.1.36
#15 4.548    Compiling untrusted v0.9.0
#15 4.568    Compiling rustls-pki-types v1.14.1
#15 4.602    Compiling percent-encoding v2.3.2
#15 4.651    Compiling typenum v1.20.0
#15 4.661    Compiling httparse v1.10.1
#15 4.679    Compiling log v0.4.29
#15 4.688    Compiling tower-service v0.3.3
#15 4.766    Compiling generic-array v0.14.7
#15 4.777    Compiling try-lock v0.2.5
#15 4.823    Compiling crossbeam-utils v0.8.21
#15 4.944    Compiling aho-corasick v1.1.4
#15 5.079    Compiling rustls v0.23.40
#15 5.123    Compiling http v1.4.0
#15 5.130    Compiling regex-syntax v0.8.10
#15 5.167    Compiling want v0.3.1
#15 5.389    Compiling hashbrown v0.17.0
#15 5.434    Compiling atomic-waker v1.1.2
#15 5.556    Compiling crossbeam-epoch v0.9.20
#15 5.696    Compiling syn v2.0.117
#15 5.726    Compiling zmij v1.0.21
#15 5.779    Compiling equivalent v1.0.2
#15 5.887    Compiling form_urlencoded v1.2.2
#15 6.149    Compiling sync_wrapper v1.0.2
#15 6.160    Compiling base64 v0.22.1
#15 6.259    Compiling ipnet v2.12.0
#15 6.271    Compiling tower-layer v0.3.3
#15 6.282    Compiling serde_json v1.0.149
#15 6.475    Compiling errno v0.3.14
#15 6.533    Compiling mio v1.2.0
#15 6.579    Compiling socket2 v0.6.3
#15 6.599    Compiling getrandom v0.2.17
#15 6.662    Compiling ryu v1.0.23
#15 6.788    Compiling signal-hook-registry v1.4.8
#15 6.881    Compiling ring v0.17.14
#15 6.940    Compiling indexmap v2.14.0
#15 6.973    Compiling http-body v1.0.1
#15 7.160    Compiling crossbeam-deque v0.8.7
#15 7.248    Compiling webpki-roots v1.0.7
#15 7.325    Compiling block-buffer v0.10.4
#15 7.384    Compiling crypto-common v0.1.7
#15 7.532    Compiling bstr v1.13.1
#15 7.532    Compiling digest v0.10.7
#15 7.588    Compiling same-file v1.0.6
#15 7.673    Compiling camino v1.2.2
#15 7.823    Compiling regex-automata v0.4.14
#15 7.852    Compiling iri-string v0.7.12
#15 7.934    Compiling thiserror v1.0.69
#15 7.949    Compiling bitflags v2.11.1
#15 7.970    Compiling walkdir v2.5.0
#15 8.473    Compiling http-body-util v0.1.3
#15 8.563    Compiling cpufeatures v0.2.17
#15 8.581    Compiling unsafe-libyaml v0.2.11
#15 8.651    Compiling sha2 v0.10.9
#15 8.652    Compiling hmac v0.12.1
#15 8.787    Compiling anyhow v1.0.102
#15 8.788    Compiling winnow v0.7.15
#15 8.856    Compiling toml_write v0.1.2
#15 8.972    Compiling utf8parse v0.2.2
#15 9.023    Compiling colorchoice v1.0.5
#15 9.075    Compiling anstyle-parse v1.0.0
#15 9.147    Compiling is_terminal_polyfill v1.70.2
#15 9.177    Compiling anstyle v1.0.14
#15 9.255    Compiling anstyle-query v1.1.5
#15 9.390    Compiling getrandom v0.4.3
#15 9.443    Compiling lazy_static v1.5.0
#15 9.462    Compiling tracing-log v0.2.0
#15 9.483    Compiling anstream v1.0.0
#15 9.542    Compiling sharded-slab v0.1.7
#15 9.631    Compiling thread_local v1.1.9
#15 10.14    Compiling nu-ansi-term v0.50.3
#15 10.15    Compiling strsim v0.11.1
#15 10.49    Compiling heck v0.5.0
#15 10.69    Compiling clap_lex v1.1.0
#15 11.02    Compiling clap_builder v4.6.0
#15 11.09    Compiling uuid v1.25.0
#15 12.95    Compiling synstructure v0.13.2
#15 14.08    Compiling zerofrom-derive v0.1.7
#15 14.08    Compiling yoke-derive v0.8.2
#15 14.08    Compiling zerovec-derive v0.11.3
#15 14.08    Compiling displaydoc v0.2.5
#15 14.08    Compiling serde_derive v1.0.228
#15 14.08    Compiling tokio-macros v2.7.0
#15 14.09    Compiling futures-macro v0.3.32
#15 14.09    Compiling tracing-attributes v0.1.31
#15 14.09    Compiling thiserror-impl v1.0.69
#15 14.10    Compiling async-trait v0.1.89
#15 14.11    Compiling clap_derive v4.6.1
#15 15.17    Compiling globset v0.4.19
#15 15.39    Compiling tokio v1.52.1
#15 15.42    Compiling matchers v0.2.0
#15 15.84    Compiling futures-util v0.3.32
#15 16.13    Compiling ignore v0.4.32
#15 16.19    Compiling zerofrom v0.1.7
#15 16.39    Compiling yoke v0.8.2
#15 16.77    Compiling zerotrie v0.2.4
#15 16.79    Compiling zerovec v0.11.6
#15 16.95    Compiling tracing v0.1.44
#15 17.58    Compiling tracing-subscriber v0.3.23
#15 18.04    Compiling tinystr v0.8.3
#15 18.07    Compiling potential_utf v0.1.5
#15 18.29    Compiling icu_collections v2.2.0
#15 18.38    Compiling icu_locale_core v2.2.0
#15 18.43    Compiling clap v4.6.1
#15 21.98    Compiling icu_provider v2.2.0
#15 22.03    Compiling serde_urlencoded v0.7.1
#15 22.19    Compiling serde_yaml v0.9.34+deprecated
#15 22.46    Compiling icu_normalizer v2.2.0
#15 22.48    Compiling icu_properties v2.2.0
#15 23.05    Compiling futures-executor v0.3.32
#15 23.27    Compiling secrecy v0.8.0
#15 23.46    Compiling futures v0.3.32
#15 23.47    Compiling serde_spanned v0.6.9
#15 23.54    Compiling toml_datetime v0.6.11
#15 23.96    Compiling toml_edit v0.22.27
#15 24.74    Compiling idna_adapter v1.2.2
#15 24.89    Compiling idna v1.1.0
#15 25.43    Compiling url v2.5.8
#15 25.62    Compiling hyper v1.9.0
#15 25.62    Compiling tower v0.5.3
#15 25.62    Compiling tokio-util v0.7.18
#15 26.47    Compiling tower-http v0.6.8
#15 27.43    Compiling hyper-util v0.1.20
#15 27.93    Compiling toml v0.8.23
#15 28.39    Compiling rustls-webpki v0.103.13
#15 32.93    Compiling tokio-rustls v0.26.4
#15 33.22    Compiling hyper-rustls v0.27.9
#15 33.55    Compiling reqwest v0.12.28
#15 35.53    Compiling pharness-core v0.1.0 (/build/crates/pharness-core)
#15 42.08    Compiling pharness-openai-compatible v0.1.0 (/build/crates/pharness-openai-compatible)
#15 44.00    Compiling pharness-fireworks v0.1.0 (/build/crates/pharness-fireworks)
#15 44.97    Compiling pharness-runhost v0.1.0 (/build/crates/pharness-runhost)
#15 44.97    Compiling pharness-config v0.1.0 (/build/crates/pharness-config)
#15 49.39    Compiling pharness-codex-host v0.1.0 (/build/crates/pharness-codex-host)
#15 54.59    Compiling pharness-worker v0.1.0 (/build/crates/pharness-worker)
#15 77.02     Finished `release` profile [optimized] target(s) in 1m 16s
#15 DONE 77.3s

#16 [codex 2/4] RUN apt-get update     && apt-get install -y --no-install-recommends ca-certificates curl     && rm -rf /var/lib/apt/lists/*
#16 CACHED

#17 [codex 3/4] COPY deploy/docker/install-codex.sh /usr/local/bin/install-codex
#17 CACHED

#18 [codex 4/4] RUN chmod 0755 /usr/local/bin/install-codex     && TARGETARCH="amd64" /usr/local/bin/install-codex /out/codex
#18 CACHED

#19 [stage-2  3/12] COPY --from=builder /build/target/x86_64-unknown-linux-gnu/release/pharness-worker /usr/local/bin/pharness-worker
#19 DONE 0.1s

#20 [stage-2  4/12] COPY --from=builder /build/target/x86_64-unknown-linux-gnu/release/pharness-codex-host /usr/local/bin/pharness-codex-host
#20 DONE 0.1s

#21 [stage-2  5/12] COPY --from=codex /out/codex /usr/local/bin/codex
#21 DONE 0.1s

#22 [stage-2  6/12] COPY --from=codex /out/codex-linux-sandbox /usr/local/bin/codex-linux-sandbox
#22 DONE 0.1s

#23 [stage-2  7/12] COPY --from=codex /out/codex-code-mode-host /usr/local/bin/codex-code-mode-host
#23 DONE 0.1s

#24 [stage-2  8/12] COPY --from=codex /out/codex-resources /usr/local/bin/codex-resources
#24 DONE 0.0s

#25 [stage-2  9/12] COPY deploy/codex-host/git-askpass /usr/lib/pharness-codex-host/git-askpass
#25 DONE 0.0s

#26 [stage-2 10/12] RUN chmod 0755 /usr/lib/pharness-codex-host/git-askpass
#26 DONE 0.1s

#27 [stage-2 11/12] RUN test -x /usr/local/bin/codex-linux-sandbox     && cmp -s /usr/local/bin/codex /usr/local/bin/codex-linux-sandbox     && test -x /usr/local/bin/codex-code-mode-host     && printf '%s  %s\n'       'b3d633427c8c75057fba11dad6051714d44886440305e86ba9d2c0366f4dd63b'       '/usr/local/bin/codex-code-mode-host'       | sha256sum --check --status
#27 DONE 1.3s

#28 [stage-2 12/12] WORKDIR /workspace
#28 DONE 0.1s

#29 exporting to image
#29 exporting layers
#29 exporting layers 11.6s done
#29 exporting manifest sha256:0b06a7154752d736cee504ddc76722681be0d45fd366ddc8e6c25db275bbbf54 0.0s done
#29 exporting config sha256:2589724303a2d912fe9af8d1363a125f729165b747c28a7186ae5e2547861d4f 0.0s done
#29 pushing layers
#29 ...

#30 [auth] sharing credentials for registry.lucas.engineering
#30 DONE 0.0s

#29 exporting to image
#29 pushing layers 225.4s done
#29 pushing manifest for registry.lucas.engineering/pharness-python-runner:git-19b0c55c48e3614d0b4507d56df3029a52475618@sha256:0b06a7154752d736cee504ddc76722681be0d45fd366ddc8e6c25db275bbbf54
#29 pushing manifest for registry.lucas.engineering/pharness-python-runner:git-19b0c55c48e3614d0b4507d56df3029a52475618@sha256:0b06a7154752d736cee504ddc76722681be0d45fd366ddc8e6c25db275bbbf54 10.7s done
#29 DONE 247.8s

#31 resolving provenance for metadata file
#31 DONE 1.7s
repository_root=/Users/wardl/Personal/apps/pharness-astra-corrected-runtime-release
remote=origin
branch=main
verified_revision=19b0c55c48e3614d0b4507d56df3029a52475618
worktree_clean=true
#0 building with "lucas-desktop" instance using remote driver

#1 [internal] load build definition from Dockerfile.node-runner
#1 transferring dockerfile: 42B 0.1s
#1 transferring dockerfile: 3.25kB 0.4s done
#1 DONE 0.5s

#2 [internal] load metadata for docker.io/library/debian:bookworm-slim@sha256:abd67ffcfa541b485a3dff59865ab629aa048a6c613e639d36e7456b0b229241
#2 DONE 0.0s

#3 [internal] load metadata for docker.io/library/node:24-bookworm-slim@sha256:6642ef280aebc09c4541bee0b15c9f89f0f3f3c247ddee79ae1d37eddfdcbbaa
#3 DONE 0.0s

#4 [internal] load metadata for docker.io/library/rust:1-bookworm@sha256:0e2bcaef56d041a486784e54104a81aebe0da44bd03019bd70bc0401e42e4a97
#4 DONE 1.2s

#5 [internal] load .dockerignore
#5 transferring context: 0.1s
#5 transferring context: 2B 0.2s done
#5 DONE 0.3s

#6 [internal] load build context
#6 DONE 0.0s

#7 [stage-2  1/12] FROM docker.io/library/node:24-bookworm-slim@sha256:6642ef280aebc09c4541bee0b15c9f89f0f3f3c247ddee79ae1d37eddfdcbbaa
#7 resolve docker.io/library/node:24-bookworm-slim@sha256:6642ef280aebc09c4541bee0b15c9f89f0f3f3c247ddee79ae1d37eddfdcbbaa 0.0s done
#7 CACHED

#8 [codex 1/4] FROM docker.io/library/debian:bookworm-slim@sha256:abd67ffcfa541b485a3dff59865ab629aa048a6c613e639d36e7456b0b229241
#8 resolve docker.io/library/debian:bookworm-slim@sha256:abd67ffcfa541b485a3dff59865ab629aa048a6c613e639d36e7456b0b229241 0.0s done
#8 DONE 0.0s

#9 [builder 1/6] FROM docker.io/library/rust:1-bookworm@sha256:0e2bcaef56d041a486784e54104a81aebe0da44bd03019bd70bc0401e42e4a97
#9 resolve docker.io/library/rust:1-bookworm@sha256:0e2bcaef56d041a486784e54104a81aebe0da44bd03019bd70bc0401e42e4a97 0.0s done
#9 DONE 0.1s

#10 [stage-2  2/12] RUN apt-get update     && apt-get install -y --no-install-recommends bubblewrap ca-certificates git     && rm -rf /var/lib/apt/lists/*     && groupadd --gid 65532 pharness     && useradd --uid 65532 --gid 65532 --home-dir /workspace --no-create-home pharness     && rm -f /usr/bin/apt* /usr/bin/dpkg* /usr/sbin/dpkg*
#10 0.367 Get:1 http://deb.debian.org/debian bookworm InRelease [151 kB]
#10 0.448 Get:2 http://deb.debian.org/debian bookworm-updates InRelease [55.4 kB]
#10 0.472 Get:3 http://deb.debian.org/debian-security bookworm-security InRelease [34.8 kB]
#10 0.583 Get:4 http://deb.debian.org/debian bookworm/main amd64 Packages [8790 kB]
#10 1.164 Get:5 http://deb.debian.org/debian bookworm-updates/main amd64 Packages [6924 B]
#10 1.165 Get:6 http://deb.debian.org/debian-security bookworm-security/main amd64 Packages [336 kB]
#10 1.991 Fetched 9375 kB in 2s (5491 kB/s)
#10 1.991 Reading package lists...
#10 2.564 Reading package lists...
#10 3.117 Building dependency tree...
#10 3.239 Reading state information...
#10 3.399 The following additional packages will be installed:
#10 3.399   git-man libbrotli1 libcurl3-gnutls liberror-perl libexpat1 libgdbm-compat4
#10 3.399   libgdbm6 libgssapi-krb5-2 libk5crypto3 libkeyutils1 libkrb5-3
#10 3.399   libkrb5support0 libldap-2.5-0 libnghttp2-14 libperl5.36 libpsl5 librtmp1
#10 3.400   libsasl2-2 libsasl2-modules-db libssh2-1 libssl3 openssl perl
#10 3.400   perl-modules-5.36
#10 3.402 Suggested packages:
#10 3.402   gettext-base git-daemon-run | git-daemon-sysvinit git-doc git-email git-gui
#10 3.402   gitk gitweb git-cvs git-mediawiki git-svn gdbm-l10n krb5-doc krb5-user
#10 3.402   sensible-utils perl-doc libterm-readline-gnu-perl
#10 3.402   | libterm-readline-perl-perl make libtap-harness-archive-perl
#10 3.402 Recommended packages:
#10 3.402   procps patch less ssh-client krb5-locales libldap-common publicsuffix
#10 3.402   libsasl2-modules netbase
#10 3.567 The following NEW packages will be installed:
#10 3.567   bubblewrap ca-certificates git git-man libbrotli1 libcurl3-gnutls
#10 3.567   liberror-perl libexpat1 libgdbm-compat4 libgdbm6 libgssapi-krb5-2
#10 3.567   libk5crypto3 libkeyutils1 libkrb5-3 libkrb5support0 libldap-2.5-0
#10 3.567   libnghttp2-14 libperl5.36 libpsl5 librtmp1 libsasl2-2 libsasl2-modules-db
#10 3.568   libssh2-1 libssl3 openssl perl perl-modules-5.36
#10 3.648 0 upgraded, 27 newly installed, 0 to remove and 1 not upgraded.
#10 3.648 Need to get 22.4 MB of archives.
#10 3.648 After this operation, 112 MB of additional disk space will be used.
#10 3.648 Get:1 http://deb.debian.org/debian bookworm/main amd64 perl-modules-5.36 all 5.36.0-7+deb12u3 [2815 kB]
#10 3.949 Get:2 http://deb.debian.org/debian bookworm/main amd64 libgdbm6 amd64 1.23-3 [72.2 kB]
#10 3.952 Get:3 http://deb.debian.org/debian bookworm/main amd64 libgdbm-compat4 amd64 1.23-3 [48.2 kB]
#10 3.954 Get:4 http://deb.debian.org/debian bookworm/main amd64 libperl5.36 amd64 5.36.0-7+deb12u3 [4196 kB]
#10 4.163 Get:5 http://deb.debian.org/debian bookworm/main amd64 perl amd64 5.36.0-7+deb12u3 [239 kB]
#10 4.174 Get:6 http://deb.debian.org/debian bookworm/main amd64 libssl3 amd64 3.0.20-1~deb12u2 [2036 kB]
#10 4.279 Get:7 http://deb.debian.org/debian bookworm/main amd64 openssl amd64 3.0.20-1~deb12u2 [1439 kB]
#10 4.354 Get:8 http://deb.debian.org/debian-security bookworm-security/main amd64 ca-certificates all 20250419~deb12u1 [162 kB]
#10 4.360 Get:9 http://deb.debian.org/debian bookworm/main amd64 bubblewrap amd64 0.8.0-2+deb12u1 [47.3 kB]
#10 4.363 Get:10 http://deb.debian.org/debian bookworm/main amd64 libbrotli1 amd64 1.0.9-2+b6 [275 kB]
#10 4.375 Get:11 http://deb.debian.org/debian bookworm/main amd64 libkrb5support0 amd64 1.20.1-2+deb12u5 [33.2 kB]
#10 4.377 Get:12 http://deb.debian.org/debian bookworm/main amd64 libk5crypto3 amd64 1.20.1-2+deb12u5 [79.7 kB]
#10 4.382 Get:13 http://deb.debian.org/debian bookworm/main amd64 libkeyutils1 amd64 1.6.3-2 [8808 B]
#10 4.382 Get:14 http://deb.debian.org/debian bookworm/main amd64 libkrb5-3 amd64 1.20.1-2+deb12u5 [332 kB]
#10 4.399 Get:15 http://deb.debian.org/debian bookworm/main amd64 libgssapi-krb5-2 amd64 1.20.1-2+deb12u5 [135 kB]
#10 4.405 Get:16 http://deb.debian.org/debian bookworm/main amd64 libsasl2-modules-db amd64 2.1.28+dfsg-10 [20.3 kB]
#10 4.414 Get:17 http://deb.debian.org/debian bookworm/main amd64 libsasl2-2 amd64 2.1.28+dfsg-10 [59.7 kB]
#10 4.424 Get:18 http://deb.debian.org/debian bookworm/main amd64 libldap-2.5-0 amd64 2.5.13+dfsg-5 [183 kB]
#10 4.437 Get:19 http://deb.debian.org/debian bookworm/main amd64 libnghttp2-14 amd64 1.52.0-1+deb12u3 [72.4 kB]
#10 4.440 Get:20 http://deb.debian.org/debian bookworm/main amd64 libpsl5 amd64 0.21.2-1 [58.7 kB]
#10 4.444 Get:21 http://deb.debian.org/debian bookworm/main amd64 librtmp1 amd64 2.4+20151223.gitfa8646d.1-2+b2 [60.8 kB]
#10 4.446 Get:22 http://deb.debian.org/debian-security bookworm-security/main amd64 libssh2-1 amd64 1.10.0-3+deb12u1 [176 kB]
#10 4.455 Get:23 http://deb.debian.org/debian bookworm/main amd64 libcurl3-gnutls amd64 7.88.1-10+deb12u15 [386 kB]
#10 4.474 Get:24 http://deb.debian.org/debian-security bookworm-security/main amd64 libexpat1 amd64 2.5.0-1+deb12u3 [104 kB]
#10 4.479 Get:25 http://deb.debian.org/debian bookworm/main amd64 liberror-perl all 0.17029-2 [29.0 kB]
#10 4.481 Get:26 http://deb.debian.org/debian bookworm/main amd64 git-man all 1:2.39.5-0+deb12u3 [2053 kB]
#10 4.582 Get:27 http://deb.debian.org/debian bookworm/main amd64 git amd64 1:2.39.5-0+deb12u3 [7264 kB]
#10 5.136 debconf: delaying package configuration, since apt-utils is not installed
#10 5.178 Fetched 22.4 MB in 1s (16.3 MB/s)
#10 5.223 Selecting previously unselected package perl-modules-5.36.
#10 5.223 (Reading database ... 
(Reading database ... 5%
(Reading database ... 10%
(Reading database ... 15%
(Reading database ... 20%
(Reading database ... 25%
(Reading database ... 30%
(Reading database ... 35%
(Reading database ... 40%
(Reading database ... 45%
(Reading database ... 50%
(Reading database ... 55%
(Reading database ... 60%
(Reading database ... 65%
(Reading database ... 70%
(Reading database ... 75%
(Reading database ... 80%
(Reading database ... 85%
(Reading database ... 90%
(Reading database ... 95%
(Reading database ... 100%
(Reading database ... 6096 files and directories currently installed.)
#10 5.243 Preparing to unpack .../00-perl-modules-5.36_5.36.0-7+deb12u3_all.deb ...
#10 5.246 Unpacking perl-modules-5.36 (5.36.0-7+deb12u3) ...
#10 5.611 Selecting previously unselected package libgdbm6:amd64.
#10 5.612 Preparing to unpack .../01-libgdbm6_1.23-3_amd64.deb ...
#10 5.618 Unpacking libgdbm6:amd64 (1.23-3) ...
#10 5.672 Selecting previously unselected package libgdbm-compat4:amd64.
#10 5.674 Preparing to unpack .../02-libgdbm-compat4_1.23-3_amd64.deb ...
#10 5.676 Unpacking libgdbm-compat4:amd64 (1.23-3) ...
#10 5.719 Selecting previously unselected package libperl5.36:amd64.
#10 5.720 Preparing to unpack .../03-libperl5.36_5.36.0-7+deb12u3_amd64.deb ...
#10 5.723 Unpacking libperl5.36:amd64 (5.36.0-7+deb12u3) ...
#10 6.131 Selecting previously unselected package perl.
#10 6.132 Preparing to unpack .../04-perl_5.36.0-7+deb12u3_amd64.deb ...
#10 6.142 Unpacking perl (5.36.0-7+deb12u3) ...
#10 6.236 Selecting previously unselected package libssl3:amd64.
#10 6.238 Preparing to unpack .../05-libssl3_3.0.20-1~deb12u2_amd64.deb ...
#10 6.241 Unpacking libssl3:amd64 (3.0.20-1~deb12u2) ...
#10 6.425 Selecting previously unselected package openssl.
#10 6.428 Preparing to unpack .../06-openssl_3.0.20-1~deb12u2_amd64.deb ...
#10 6.431 Unpacking openssl (3.0.20-1~deb12u2) ...
#10 6.599 Selecting previously unselected package ca-certificates.
#10 6.600 Preparing to unpack .../07-ca-certificates_20250419~deb12u1_all.deb ...
#10 6.603 Unpacking ca-certificates (20250419~deb12u1) ...
#10 6.698 Selecting previously unselected package bubblewrap.
#10 6.699 Preparing to unpack .../08-bubblewrap_0.8.0-2+deb12u1_amd64.deb ...
#10 6.702 Unpacking bubblewrap (0.8.0-2+deb12u1) ...
#10 6.763 Selecting previously unselected package libbrotli1:amd64.
#10 6.765 Preparing to unpack .../09-libbrotli1_1.0.9-2+b6_amd64.deb ...
#10 6.768 Unpacking libbrotli1:amd64 (1.0.9-2+b6) ...
#10 6.853 Selecting previously unselected package libkrb5support0:amd64.
#10 6.855 Preparing to unpack .../10-libkrb5support0_1.20.1-2+deb12u5_amd64.deb ...
#10 6.859 Unpacking libkrb5support0:amd64 (1.20.1-2+deb12u5) ...
#10 6.910 Selecting previously unselected package libk5crypto3:amd64.
#10 6.913 Preparing to unpack .../11-libk5crypto3_1.20.1-2+deb12u5_amd64.deb ...
#10 6.919 Unpacking libk5crypto3:amd64 (1.20.1-2+deb12u5) ...
#10 6.975 Selecting previously unselected package libkeyutils1:amd64.
#10 6.976 Preparing to unpack .../12-libkeyutils1_1.6.3-2_amd64.deb ...
#10 6.980 Unpacking libkeyutils1:amd64 (1.6.3-2) ...
#10 7.023 Selecting previously unselected package libkrb5-3:amd64.
#10 7.025 Preparing to unpack .../13-libkrb5-3_1.20.1-2+deb12u5_amd64.deb ...
#10 7.029 Unpacking libkrb5-3:amd64 (1.20.1-2+deb12u5) ...
#10 7.121 Selecting previously unselected package libgssapi-krb5-2:amd64.
#10 7.124 Preparing to unpack .../14-libgssapi-krb5-2_1.20.1-2+deb12u5_amd64.deb ...
#10 7.127 Unpacking libgssapi-krb5-2:amd64 (1.20.1-2+deb12u5) ...
#10 7.190 Selecting previously unselected package libsasl2-modules-db:amd64.
#10 7.193 Preparing to unpack .../15-libsasl2-modules-db_2.1.28+dfsg-10_amd64.deb ...
#10 7.196 Unpacking libsasl2-modules-db:amd64 (2.1.28+dfsg-10) ...
#10 7.239 Selecting previously unselected package libsasl2-2:amd64.
#10 7.240 Preparing to unpack .../16-libsasl2-2_2.1.28+dfsg-10_amd64.deb ...
#10 7.243 Unpacking libsasl2-2:amd64 (2.1.28+dfsg-10) ...
#10 7.300 Selecting previously unselected package libldap-2.5-0:amd64.
#10 7.302 Preparing to unpack .../17-libldap-2.5-0_2.5.13+dfsg-5_amd64.deb ...
#10 7.306 Unpacking libldap-2.5-0:amd64 (2.5.13+dfsg-5) ...
#10 7.378 Selecting previously unselected package libnghttp2-14:amd64.
#10 7.380 Preparing to unpack .../18-libnghttp2-14_1.52.0-1+deb12u3_amd64.deb ...
#10 7.384 Unpacking libnghttp2-14:amd64 (1.52.0-1+deb12u3) ...
#10 7.429 Selecting previously unselected package libpsl5:amd64.
#10 7.430 Preparing to unpack .../19-libpsl5_0.21.2-1_amd64.deb ...
#10 7.433 Unpacking libpsl5:amd64 (0.21.2-1) ...
#10 7.474 Selecting previously unselected package librtmp1:amd64.
#10 7.475 Preparing to unpack .../20-librtmp1_2.4+20151223.gitfa8646d.1-2+b2_amd64.deb ...
#10 7.478 Unpacking librtmp1:amd64 (2.4+20151223.gitfa8646d.1-2+b2) ...
#10 7.525 Selecting previously unselected package libssh2-1:amd64.
#10 7.526 Preparing to unpack .../21-libssh2-1_1.10.0-3+deb12u1_amd64.deb ...
#10 7.529 Unpacking libssh2-1:amd64 (1.10.0-3+deb12u1) ...
#10 7.598 Selecting previously unselected package libcurl3-gnutls:amd64.
#10 7.600 Preparing to unpack .../22-libcurl3-gnutls_7.88.1-10+deb12u15_amd64.deb ...
#10 7.604 Unpacking libcurl3-gnutls:amd64 (7.88.1-10+deb12u15) ...
#10 7.671 Selecting previously unselected package libexpat1:amd64.
#10 7.672 Preparing to unpack .../23-libexpat1_2.5.0-1+deb12u3_amd64.deb ...
#10 7.675 Unpacking libexpat1:amd64 (2.5.0-1+deb12u3) ...
#10 7.719 Selecting previously unselected package liberror-perl.
#10 7.720 Preparing to unpack .../24-liberror-perl_0.17029-2_all.deb ...
#10 7.723 Unpacking liberror-perl (0.17029-2) ...
#10 7.754 Selecting previously unselected package git-man.
#10 7.755 Preparing to unpack .../25-git-man_1%3a2.39.5-0+deb12u3_all.deb ...
#10 7.758 Unpacking git-man (1:2.39.5-0+deb12u3) ...
#10 7.905 Selecting previously unselected package git.
#10 7.906 Preparing to unpack .../26-git_1%3a2.39.5-0+deb12u3_amd64.deb ...
#10 7.918 Unpacking git (1:2.39.5-0+deb12u3) ...
#10 8.327 Setting up libexpat1:amd64 (2.5.0-1+deb12u3) ...
#10 8.337 Setting up bubblewrap (0.8.0-2+deb12u1) ...
#10 8.349 Setting up libkeyutils1:amd64 (1.6.3-2) ...
#10 8.359 Setting up libpsl5:amd64 (0.21.2-1) ...
#10 8.369 Setting up libbrotli1:amd64 (1.0.9-2+b6) ...
#10 8.380 Setting up libssl3:amd64 (3.0.20-1~deb12u2) ...
#10 8.390 Setting up libnghttp2-14:amd64 (1.52.0-1+deb12u3) ...
#10 8.400 Setting up libkrb5support0:amd64 (1.20.1-2+deb12u5) ...
#10 8.411 Setting up libsasl2-modules-db:amd64 (2.1.28+dfsg-10) ...
#10 8.421 Setting up perl-modules-5.36 (5.36.0-7+deb12u3) ...
#10 8.432 Setting up librtmp1:amd64 (2.4+20151223.gitfa8646d.1-2+b2) ...
#10 8.442 Setting up libk5crypto3:amd64 (1.20.1-2+deb12u5) ...
#10 8.453 Setting up libsasl2-2:amd64 (2.1.28+dfsg-10) ...
#10 8.463 Setting up git-man (1:2.39.5-0+deb12u3) ...
#10 8.473 Setting up libssh2-1:amd64 (1.10.0-3+deb12u1) ...
#10 8.483 Setting up libkrb5-3:amd64 (1.20.1-2+deb12u5) ...
#10 8.493 Setting up openssl (3.0.20-1~deb12u2) ...
#10 8.510 Setting up libgdbm6:amd64 (1.23-3) ...
#10 8.520 Setting up libldap-2.5-0:amd64 (2.5.13+dfsg-5) ...
#10 8.530 Setting up ca-certificates (20250419~deb12u1) ...
#10 8.638 debconf: unable to initialize frontend: Dialog
#10 8.638 debconf: (TERM is not set, so the dialog frontend is not usable.)
#10 8.638 debconf: falling back to frontend: Readline
#10 8.649 debconf: unable to initialize frontend: Readline
#10 8.649 debconf: (This frontend requires a controlling tty.)
#10 8.649 debconf: falling back to frontend: Teletype
#10 9.434 Updating certificates in /etc/ssl/certs...
#10 10.46 150 added, 0 removed; done.
#10 10.50 Setting up libgssapi-krb5-2:amd64 (1.20.1-2+deb12u5) ...
#10 10.51 Setting up libgdbm-compat4:amd64 (1.23-3) ...
#10 10.52 Setting up libperl5.36:amd64 (5.36.0-7+deb12u3) ...
#10 10.53 Setting up libcurl3-gnutls:amd64 (7.88.1-10+deb12u15) ...
#10 10.55 Setting up perl (5.36.0-7+deb12u3) ...
#10 10.58 Setting up liberror-perl (0.17029-2) ...
#10 10.59 Setting up git (1:2.39.5-0+deb12u3) ...
#10 10.61 Processing triggers for libc-bin (2.36-9+deb12u14) ...
#10 10.65 Processing triggers for ca-certificates (20250419~deb12u1) ...
#10 10.66 Updating certificates in /etc/ssl/certs...
#10 11.37 0 added, 0 removed; done.
#10 11.37 Running hooks in /etc/ca-certificates/update.d...
#10 11.37 done.
#10 11.45 useradd warning: pharness's uid 65532 outside of the UID_MIN 1000 and UID_MAX 60000 range.
#10 DONE 11.9s

#6 [internal] load build context
#6 transferring context: 31B 0.2s
#6 transferring context: 27.26kB 0.3s done
#6 DONE 0.3s

#11 [builder 3/6] COPY Cargo.toml Cargo.lock rust-toolchain.toml ./
#11 CACHED

#12 [builder 5/6] RUN test "amd64" = "amd64"     && apt-get update     && apt-get install -y --no-install-recommends gcc-x86-64-linux-gnu libc6-dev-amd64-cross     && rm -rf /var/lib/apt/lists/*     && rustup target add x86_64-unknown-linux-gnu
#12 CACHED

#13 [builder 2/6] WORKDIR /build
#13 CACHED

#14 [builder 4/6] COPY crates ./crates
#14 CACHED

#15 [builder 6/6] RUN cargo build --release --target x86_64-unknown-linux-gnu -p pharness-worker -p pharness-codex-host
#15 CACHED

#16 [codex 3/4] COPY deploy/docker/install-codex.sh /usr/local/bin/install-codex
#16 CACHED

#17 [codex 2/4] RUN apt-get update     && apt-get install -y --no-install-recommends ca-certificates curl     && rm -rf /var/lib/apt/lists/*
#17 CACHED

#18 [codex 4/4] RUN chmod 0755 /usr/local/bin/install-codex     && TARGETARCH="amd64" /usr/local/bin/install-codex /out/codex
#18 CACHED

#19 [stage-2  3/12] COPY --from=builder /build/target/x86_64-unknown-linux-gnu/release/pharness-worker /usr/local/bin/pharness-worker
#19 DONE 0.1s

#20 [stage-2  4/12] COPY --from=builder /build/target/x86_64-unknown-linux-gnu/release/pharness-codex-host /usr/local/bin/pharness-codex-host
#20 DONE 0.0s

#21 [stage-2  5/12] COPY --from=codex /out/codex /usr/local/bin/codex
#21 DONE 0.0s

#22 [stage-2  6/12] COPY --from=codex /out/codex-linux-sandbox /usr/local/bin/codex-linux-sandbox
#22 DONE 0.0s

#23 [stage-2  7/12] COPY --from=codex /out/codex-code-mode-host /usr/local/bin/codex-code-mode-host
#23 DONE 0.0s

#24 [stage-2  8/12] COPY --from=codex /out/codex-resources /usr/local/bin/codex-resources
#24 DONE 0.0s

#25 [stage-2  9/12] COPY deploy/codex-host/git-askpass /usr/lib/pharness-codex-host/git-askpass
#25 DONE 0.0s

#26 [stage-2 10/12] RUN chmod 0755 /usr/lib/pharness-codex-host/git-askpass
#26 DONE 0.1s

#27 [stage-2 11/12] RUN test -x /usr/local/bin/codex-linux-sandbox     && cmp -s /usr/local/bin/codex /usr/local/bin/codex-linux-sandbox     && test -x /usr/local/bin/codex-code-mode-host     && printf '%s  %s\n'       'b3d633427c8c75057fba11dad6051714d44886440305e86ba9d2c0366f4dd63b'       '/usr/local/bin/codex-code-mode-host'       | sha256sum --check --status
#27 DONE 1.4s

#28 [stage-2 12/12] WORKDIR /workspace
#28 DONE 0.1s

#29 exporting to image
#29 exporting layers
#29 exporting layers 11.6s done
#29 ...

#30 [auth] sharing credentials for registry.lucas.engineering
#30 DONE 0.0s

#29 exporting to image
#29 exporting manifest sha256:e2be42778757260a611824e15ebe1be6dc6537c2fd073bcadd94a4c7bd284338 0.0s done
#29 exporting config sha256:420f8816937937ab8b40b5feffc2c232402a1f5efba676c3c68d8ea328cc0305 0.0s done
#29 pushing layers
#29 pushing layers 226.0s done
#29 pushing manifest for registry.lucas.engineering/pharness-node-runner:git-19b0c55c48e3614d0b4507d56df3029a52475618@sha256:e2be42778757260a611824e15ebe1be6dc6537c2fd073bcadd94a4c7bd284338
#29 pushing manifest for registry.lucas.engineering/pharness-node-runner:git-19b0c55c48e3614d0b4507d56df3029a52475618@sha256:e2be42778757260a611824e15ebe1be6dc6537c2fd073bcadd94a4c7bd284338 10.4s done
#29 DONE 248.0s

#31 resolving provenance for metadata file
#31 DONE 1.4s
repository_root=/Users/wardl/Personal/apps/pharness-astra-corrected-runtime-release
remote=origin
branch=main
verified_revision=19b0c55c48e3614d0b4507d56df3029a52475618
worktree_clean=true
#0 building with "lucas-desktop" instance using remote driver

#1 [internal] load build definition from Dockerfile.model-gateway
#1 transferring dockerfile: 44B 0.1s
#1 transferring dockerfile: 1.52kB 0.4s done
#1 DONE 0.5s

#2 [internal] load metadata for docker.io/library/rust:1-bookworm@sha256:0e2bcaef56d041a486784e54104a81aebe0da44bd03019bd70bc0401e42e4a97
#2 DONE 0.0s

#3 [internal] load metadata for docker.io/library/debian:bookworm-slim@sha256:abd67ffcfa541b485a3dff59865ab629aa048a6c613e639d36e7456b0b229241
#3 DONE 1.1s

#4 [internal] load .dockerignore
#4 transferring context: 0.1s
#4 transferring context: 2B 0.2s done
#4 DONE 0.2s

#5 [internal] load build context
#5 DONE 0.0s

#6 [stage-1 1/3] FROM docker.io/library/debian:bookworm-slim@sha256:abd67ffcfa541b485a3dff59865ab629aa048a6c613e639d36e7456b0b229241
#6 resolve docker.io/library/debian:bookworm-slim@sha256:abd67ffcfa541b485a3dff59865ab629aa048a6c613e639d36e7456b0b229241 0.0s done
#6 CACHED

#7 [builder 1/6] FROM docker.io/library/rust:1-bookworm@sha256:0e2bcaef56d041a486784e54104a81aebe0da44bd03019bd70bc0401e42e4a97
#7 resolve docker.io/library/rust:1-bookworm@sha256:0e2bcaef56d041a486784e54104a81aebe0da44bd03019bd70bc0401e42e4a97 0.0s done
#7 DONE 0.0s

#8 [stage-1 2/3] RUN apt-get update     && apt-get install -y --no-install-recommends ca-certificates     && rm -rf /var/lib/apt/lists/* /usr/bin/apt* /usr/bin/dpkg*     && rm -f /bin/sh /bin/dash /bin/bash /usr/bin/bash
#8 0.166 Get:1 http://deb.debian.org/debian bookworm InRelease [151 kB]
#8 0.234 Get:2 http://deb.debian.org/debian bookworm-updates InRelease [55.4 kB]
#8 0.260 Get:3 http://deb.debian.org/debian-security bookworm-security InRelease [34.8 kB]
#8 0.385 Get:4 http://deb.debian.org/debian bookworm/main amd64 Packages [8790 kB]
#8 0.937 Get:5 http://deb.debian.org/debian bookworm-updates/main amd64 Packages [6924 B]
#8 0.937 Get:6 http://deb.debian.org/debian-security bookworm-security/main amd64 Packages [336 kB]
#8 1.747 Fetched 9375 kB in 2s (5715 kB/s)
#8 1.747 Reading package lists...
#8 2.312 Reading package lists...
#8 2.834 Building dependency tree...
#8 2.949 Reading state information...
#8 3.091 The following additional packages will be installed:
#8 3.091   libssl3 openssl
#8 3.138 The following NEW packages will be installed:
#8 3.138   ca-certificates libssl3 openssl
#8 3.223 0 upgraded, 3 newly installed, 0 to remove and 1 not upgraded.
#8 3.223 Need to get 3637 kB of archives.
#8 3.223 After this operation, 8940 kB of additional disk space will be used.
#8 3.223 Get:1 http://deb.debian.org/debian bookworm/main amd64 libssl3 amd64 3.0.20-1~deb12u2 [2036 kB]
#8 3.521 Get:2 http://deb.debian.org/debian bookworm/main amd64 openssl amd64 3.0.20-1~deb12u2 [1439 kB]
#8 3.597 Get:3 http://deb.debian.org/debian-security bookworm-security/main amd64 ca-certificates all 20250419~deb12u1 [162 kB]
#8 3.749 debconf: delaying package configuration, since apt-utils is not installed
#8 3.785 Fetched 3637 kB in 0s (7960 kB/s)
#8 3.824 Selecting previously unselected package libssl3:amd64.
#8 3.824 (Reading database ... 
(Reading database ... 5%
(Reading database ... 10%
(Reading database ... 15%
(Reading database ... 20%
(Reading database ... 25%
(Reading database ... 30%
(Reading database ... 35%
(Reading database ... 40%
(Reading database ... 45%
(Reading database ... 50%
(Reading database ... 55%
(Reading database ... 60%
(Reading database ... 65%
(Reading database ... 70%
(Reading database ... 75%
(Reading database ... 80%
(Reading database ... 85%
(Reading database ... 90%
(Reading database ... 95%
(Reading database ... 100%
(Reading database ... 6096 files and directories currently installed.)
#8 3.829 Preparing to unpack .../libssl3_3.0.20-1~deb12u2_amd64.deb ...
#8 3.836 Unpacking libssl3:amd64 (3.0.20-1~deb12u2) ...
#8 4.013 Selecting previously unselected package openssl.
#8 4.014 Preparing to unpack .../openssl_3.0.20-1~deb12u2_amd64.deb ...
#8 4.017 Unpacking openssl (3.0.20-1~deb12u2) ...
#8 4.182 Selecting previously unselected package ca-certificates.
#8 4.183 Preparing to unpack .../ca-certificates_20250419~deb12u1_all.deb ...
#8 4.186 Unpacking ca-certificates (20250419~deb12u1) ...
#8 4.266 Setting up libssl3:amd64 (3.0.20-1~deb12u2) ...
#8 4.275 Setting up openssl (3.0.20-1~deb12u2) ...
#8 4.291 Setting up ca-certificates (20250419~deb12u1) ...
#8 4.384 debconf: unable to initialize frontend: Dialog
#8 4.384 debconf: (TERM is not set, so the dialog frontend is not usable.)
#8 4.384 debconf: falling back to frontend: Readline
#8 4.384 debconf: unable to initialize frontend: Readline
#8 4.384 debconf: (Can't locate Term/ReadLine.pm in @INC (you may need to install the Term::ReadLine module) (@INC contains: /etc/perl /usr/local/lib/x86_64-linux-gnu/perl/5.36.0 /usr/local/share/perl/5.36.0 /usr/lib/x86_64-linux-gnu/perl5/5.36 /usr/share/perl5 /usr/lib/x86_64-linux-gnu/perl-base /usr/lib/x86_64-linux-gnu/perl/5.36 /usr/share/perl/5.36 /usr/local/lib/site_perl) at /usr/share/perl5/Debconf/FrontEnd/Readline.pm line 7.)
#8 4.384 debconf: falling back to frontend: Teletype
#8 5.099 Updating certificates in /etc/ssl/certs...
#8 5.875 150 added, 0 removed; done.
#8 5.918 Processing triggers for libc-bin (2.36-9+deb12u14) ...
#8 5.942 Processing triggers for ca-certificates (20250419~deb12u1) ...
#8 5.953 Updating certificates in /etc/ssl/certs...
#8 6.617 0 added, 0 removed; done.
#8 6.617 Running hooks in /etc/ca-certificates/update.d...
#8 6.618 done.
#8 DONE 6.7s

#5 [internal] load build context
#5 transferring context:
#5 transferring context: 27.07kB 0.4s done
#5 DONE 0.4s

#9 [builder 2/6] WORKDIR /build
#9 CACHED

#10 [builder 3/6] COPY Cargo.toml Cargo.lock rust-toolchain.toml ./
#10 CACHED

#11 [builder 4/6] COPY crates ./crates
#11 CACHED

#12 [builder 5/6] RUN test "amd64" = "amd64"     && apt-get update     && apt-get install -y --no-install-recommends gcc-x86-64-linux-gnu libc6-dev-amd64-cross     && rm -rf /var/lib/apt/lists/*     && rustup target add x86_64-unknown-linux-gnu
#12 CACHED

#13 [builder 6/6] RUN cargo build --release --target x86_64-unknown-linux-gnu -p pharness-model-gateway
#13 0.238     Updating crates.io index
#13 2.194  Downloading crates ...
#13 2.369   Downloaded block-buffer v0.10.4
#13 2.374   Downloaded cfg_aliases v0.2.1
#13 2.383   Downloaded anyhow v1.0.102
#13 2.400   Downloaded crypto-common v0.1.7
#13 2.419   Downloaded atomic-waker v1.1.2
#13 2.426   Downloaded cpufeatures v0.2.17
#13 2.435   Downloaded futures-macro v0.3.32
#13 2.439   Downloaded cfg-if v1.0.4
#13 2.464   Downloaded utf8_iter v1.0.4
#13 2.472   Downloaded crossbeam-deque v0.8.7
#13 2.478   Downloaded axum-core v0.4.5
#13 2.487   Downloaded percent-encoding v2.3.2
#13 2.490   Downloaded lazy_static v1.5.0
#13 2.499   Downloaded idna_adapter v1.2.2
#13 2.503   Downloaded same-file v1.0.6
#13 2.507   Downloaded futures-sink v0.3.32
#13 2.508   Downloaded lru-slab v0.1.2
#13 2.510   Downloaded httpdate v1.0.3
#13 2.515   Downloaded errno v0.3.14
#13 2.518   Downloaded mime v0.3.17
#13 2.520   Downloaded want v0.3.1
#13 2.522   Downloaded http-body v1.0.1
#13 2.535   Downloaded secrecy v0.8.0
#13 2.539   Downloaded generic-array v0.14.7
#13 2.541   Downloaded rustc-hash v2.1.2
#13 2.543   Downloaded untrusted v0.9.0
#13 2.546   Downloaded futures-core v0.3.32
#13 2.553   Downloaded form_urlencoded v1.2.2
#13 2.555   Downloaded equivalent v1.0.2
#13 2.557   Downloaded tinyvec_macros v0.1.1
#13 2.559   Downloaded potential_utf v0.1.5
#13 2.562   Downloaded itoa v1.0.18
#13 2.566   Downloaded tower-layer v0.3.3
#13 2.579   Downloaded try-lock v0.2.5
#13 2.587   Downloaded bitflags v2.11.1
#13 2.595   Downloaded version_check v0.9.5
#13 2.597   Downloaded futures-task v0.3.32
#13 2.600   Downloaded stable_deref_trait v1.2.1
#13 2.601   Downloaded matchers v0.2.0
#13 2.606   Downloaded hyper-rustls v0.27.9
#13 2.610   Downloaded ipnet v2.12.0
#13 2.613   Downloaded find-msvc-tools v0.1.9
#13 2.616   Downloaded http-body-util v0.1.3
#13 2.619   Downloaded futures-executor v0.3.32
#13 2.622   Downloaded pin-project-lite v0.2.17
#13 2.633   Downloaded futures-io v0.3.32
#13 2.635   Downloaded rand_core v0.9.5
#13 2.637   Downloaded ppv-lite86 v0.2.21
#13 2.639   Downloaded quote v1.0.45
#13 2.644   Downloaded nu-ansi-term v0.50.3
#13 2.648   Downloaded rustversion v1.0.22
#13 2.654   Downloaded globset v0.4.19
#13 2.656   Downloaded camino v1.2.2
#13 2.660   Downloaded async-trait v0.1.89
#13 2.667   Downloaded digest v0.10.7
#13 2.670   Downloaded crossbeam-utils v0.8.21
#13 2.675   Downloaded zerofrom v0.1.7
#13 2.677   Downloaded displaydoc v0.2.5
#13 2.683   Downloaded signal-hook-registry v1.4.8
#13 2.684   Downloaded matchit v0.7.3
#13 2.688   Downloaded once_cell v1.21.4
#13 2.692   Downloaded futures-channel v0.3.32
#13 2.696   Downloaded litemap v0.8.2
#13 2.700   Downloaded rand_chacha v0.9.0
#13 2.702   Downloaded httparse v1.10.1
#13 2.706   Downloaded sync_wrapper v1.0.2
#13 2.707   Downloaded crossbeam-epoch v0.9.20
#13 2.711   Downloaded subtle v2.6.1
#13 2.713   Downloaded zerofrom-derive v0.1.7
#13 2.715   Downloaded base64 v0.22.1
#13 2.722   Downloaded bytes v1.11.1
#13 2.729   Downloaded quinn-udp v0.5.14
#13 2.732   Downloaded rustls-pki-types v1.14.1
#13 2.737   Downloaded icu_provider v2.2.0
#13 2.741   Downloaded ryu v1.0.23
#13 2.747   Downloaded getrandom v0.2.17
#13 2.752   Downloaded serde_urlencoded v0.7.1
#13 2.756   Downloaded tokio-macros v2.7.0
#13 2.757   Downloaded thiserror v2.0.18
#13 2.771   Downloaded tower-service v0.3.3
#13 2.772   Downloaded proc-macro2 v1.0.106
#13 2.777   Downloaded hmac v0.12.1
#13 2.781   Downloaded getrandom v0.3.4
#13 2.787   Downloaded futures v0.3.32
#13 2.796   Downloaded log v0.4.29
#13 2.800   Downloaded writeable v0.6.3
#13 2.804   Downloaded icu_locale_core v2.2.0
#13 2.817   Downloaded serde_derive v1.0.228
#13 2.823   Downloaded icu_normalizer_data v2.2.0
#13 2.826   Downloaded ignore v0.4.32
#13 2.830   Downloaded thiserror v1.0.69
#13 2.842   Downloaded thread_local v1.1.9
#13 2.845   Downloaded yoke-derive v0.8.2
#13 2.847   Downloaded thiserror-impl v2.0.18
#13 2.849   Downloaded tinystr v0.8.3
#13 2.853   Downloaded serde_core v1.0.228
#13 2.857   Downloaded cc v1.2.61
#13 2.862   Downloaded icu_normalizer v2.2.0
#13 2.869   Downloaded serde v1.0.228
#13 2.875   Downloaded icu_collections v2.2.0
#13 2.886   Downloaded icu_properties v2.2.0
#13 2.890   Downloaded synstructure v0.13.2
#13 2.892   Downloaded tracing-log v0.2.0
#13 2.894   Downloaded memchr v2.8.0
#13 2.903   Downloaded thiserror-impl v1.0.69
#13 2.906   Downloaded quinn v0.11.9
#13 2.911   Downloaded sha2 v0.10.9
#13 2.916   Downloaded http v1.4.0
#13 2.922   Downloaded rustls-webpki v0.103.13
#13 2.927   Downloaded serde_path_to_error v0.1.20
#13 2.930   Downloaded shlex v1.3.0
#13 2.932   Downloaded hyper-util v0.1.20
#13 2.943   Downloaded indexmap v2.14.0
#13 2.950   Downloaded mio v1.2.0
#13 2.961   Downloaded rand v0.9.4
#13 2.968   Downloaded idna v1.1.0
#13 2.973   Downloaded zerovec-derive v0.11.3
#13 2.976   Downloaded aho-corasick v1.1.4
#13 2.984   Downloaded axum v0.7.9
#13 2.998   Downloaded iri-string v0.7.12
#13 3.012   Downloaded serde_json v1.0.149
#13 3.026   Downloaded slab v0.4.12
#13 3.028   Downloaded tracing-attributes v0.1.31
#13 3.033   Downloaded tokio-rustls v0.26.4
#13 3.036   Downloaded yoke v0.8.2
#13 3.039   Downloaded walkdir v2.5.0
#13 3.043   Downloaded hashbrown v0.17.0
#13 3.052   Downloaded hyper v1.9.0
#13 3.063   Downloaded reqwest v0.12.28
#13 3.072   Downloaded icu_properties_data v2.2.0
#13 3.092   Downloaded futures-util v0.3.32
#13 3.119   Downloaded zeroize v1.8.2
#13 3.121   Downloaded smallvec v1.15.1
#13 3.125   Downloaded quinn-proto v0.11.14
#13 3.136   Downloaded tinyvec v1.11.0
#13 3.140   Downloaded unicode-ident v1.0.24
#13 3.145   Downloaded tracing-core v0.1.36
#13 3.149   Downloaded zmij v1.0.21
#13 3.152   Downloaded bstr v1.13.1
#13 3.165   Downloaded regex-syntax v0.8.10
#13 3.175   Downloaded sharded-slab v0.1.7
#13 3.181   Downloaded rustls v0.23.40
#13 3.201   Downloaded serde_yaml v0.9.34+deprecated
#13 3.207   Downloaded socket2 v0.6.3
#13 3.210   Downloaded unsafe-libyaml v0.2.11
#13 3.216   Downloaded regex-automata v0.4.14
#13 3.235   Downloaded zerotrie v0.2.4
#13 3.242   Downloaded libc v0.2.186
#13 3.301   Downloaded url v2.5.8
#13 3.305   Downloaded typenum v1.20.0
#13 3.310   Downloaded tower v0.5.3
#13 3.329   Downloaded ring v0.17.14
#13 3.392   Downloaded zerovec v0.11.6
#13 3.402   Downloaded tower-http v0.6.8
#13 3.415   Downloaded tokio-util v0.7.18
#13 3.428   Downloaded webpki-roots v1.0.7
#13 3.432   Downloaded tracing-subscriber v0.3.23
#13 3.445   Downloaded zerocopy v0.8.48
#13 3.486   Downloaded syn v2.0.117
#13 3.502   Downloaded tracing v0.1.44
#13 3.523   Downloaded tokio v1.52.1
#13 3.697    Compiling proc-macro2 v1.0.106
#13 3.697    Compiling unicode-ident v1.0.24
#13 3.697    Compiling quote v1.0.45
#13 3.697    Compiling libc v0.2.186
#13 3.697    Compiling memchr v2.8.0
#13 3.697    Compiling pin-project-lite v0.2.17
#13 3.697    Compiling futures-core v0.3.32
#13 3.707    Compiling stable_deref_trait v1.2.1
#13 3.711    Compiling bytes v1.11.1
#13 3.720    Compiling itoa v1.0.18
#13 3.730    Compiling futures-sink v0.3.32
#13 3.741    Compiling once_cell v1.21.4
#13 3.748    Compiling log v0.4.29
#13 3.762    Compiling serde_core v1.0.228
#13 3.767    Compiling futures-task v0.3.32
#13 3.783    Compiling futures-io v0.3.32
#13 3.790    Compiling find-msvc-tools v0.1.9
#13 3.790    Compiling smallvec v1.15.1
#13 3.821    Compiling cfg-if v1.0.4
#13 3.832    Compiling futures-channel v0.3.32
#13 3.874    Compiling shlex v1.3.0
#13 3.891    Compiling slab v0.4.12
#13 4.016    Compiling writeable v0.6.3
#13 4.046    Compiling tracing-core v0.1.36
#13 4.097    Compiling cc v1.2.61
#13 4.109    Compiling version_check v0.9.5
#13 4.127    Compiling zeroize v1.8.2
#13 4.127    Compiling serde v1.0.228
#13 4.127    Compiling litemap v0.8.2
#13 4.150    Compiling tower-service v0.3.3
#13 4.197    Compiling icu_properties_data v2.2.0
#13 4.244    Compiling subtle v2.6.1
#13 4.245    Compiling httparse v1.10.1
#13 4.256    Compiling icu_normalizer_data v2.2.0
#13 4.346    Compiling percent-encoding v2.3.2
#13 4.425    Compiling utf8_iter v1.0.4
#13 4.434    Compiling rustls-pki-types v1.14.1
#13 4.489    Compiling try-lock v0.2.5
#13 4.509    Compiling typenum v1.20.0
#13 4.520    Compiling generic-array v0.14.7
#13 4.584    Compiling untrusted v0.9.0
#13 4.642    Compiling want v0.3.1
#13 4.699    Compiling aho-corasick v1.1.4
#13 4.736    Compiling sync_wrapper v1.0.2
#13 4.813    Compiling zmij v1.0.21
#13 4.841    Compiling httpdate v1.0.3
#13 4.881    Compiling http v1.4.0
#13 4.912    Compiling crossbeam-utils v0.8.21
#13 4.941    Compiling rustls v0.23.40
#13 5.283    Compiling tower-layer v0.3.3
#13 5.306    Compiling regex-syntax v0.8.10
#13 5.489    Compiling atomic-waker v1.1.2
#13 5.546    Compiling syn v2.0.117
#13 5.601    Compiling form_urlencoded v1.2.2
#13 5.609    Compiling ryu v1.0.23
#13 5.628    Compiling ipnet v2.12.0
#13 5.648    Compiling base64 v0.22.1
#13 5.706    Compiling crossbeam-epoch v0.9.20
#13 6.037    Compiling serde_json v1.0.149
#13 6.135    Compiling crossbeam-deque v0.8.7
#13 6.187    Compiling webpki-roots v1.0.7
#13 6.220    Compiling bstr v1.13.1
#13 6.315    Compiling errno v0.3.14
#13 6.324    Compiling socket2 v0.6.3
#13 6.335    Compiling mio v1.2.0
#13 6.511    Compiling signal-hook-registry v1.4.8
#13 6.545    Compiling getrandom v0.2.17
#13 6.692    Compiling http-body v1.0.1
#13 6.707    Compiling camino v1.2.2
#13 6.878    Compiling ring v0.17.14
#13 6.898    Compiling http-body-util v0.1.3
#13 6.908    Compiling iri-string v0.7.12
#13 7.319    Compiling block-buffer v0.10.4
#13 7.330    Compiling crypto-common v0.1.7
#13 7.346    Compiling equivalent v1.0.2
#13 7.435    Compiling hashbrown v0.17.0
#13 7.446    Compiling rustversion v1.0.22
#13 7.506    Compiling digest v0.10.7
#13 7.527    Compiling thiserror v1.0.69
#13 7.613    Compiling same-file v1.0.6
#13 7.675    Compiling bitflags v2.11.1
#13 7.843    Compiling walkdir v2.5.0
#13 7.984    Compiling regex-automata v0.4.14
#13 8.086    Compiling cpufeatures v0.2.17
#13 8.111    Compiling unsafe-libyaml v0.2.11
#13 8.195    Compiling sha2 v0.10.9
#13 8.236    Compiling hmac v0.12.1
#13 8.250    Compiling mime v0.3.17
#13 8.431    Compiling anyhow v1.0.102
#13 8.442    Compiling lazy_static v1.5.0
#13 8.547    Compiling sharded-slab v0.1.7
#13 8.904    Compiling indexmap v2.14.0
#13 9.026    Compiling tracing-log v0.2.0
#13 9.139    Compiling thread_local v1.1.9
#13 9.275    Compiling serde_path_to_error v0.1.20
#13 9.438    Compiling nu-ansi-term v0.50.3
#13 9.636    Compiling matchit v0.7.3
#13 12.66    Compiling synstructure v0.13.2
#13 13.11    Compiling zerofrom-derive v0.1.7
#13 13.11    Compiling yoke-derive v0.8.2
#13 13.11    Compiling zerovec-derive v0.11.3
#13 13.11    Compiling displaydoc v0.2.5
#13 13.11    Compiling futures-macro v0.3.32
#13 13.11    Compiling tokio-macros v2.7.0
#13 13.11    Compiling tracing-attributes v0.1.31
#13 13.12    Compiling serde_derive v1.0.228
#13 13.14    Compiling async-trait v0.1.89
#13 13.15    Compiling thiserror-impl v1.0.69
#13 14.11    Compiling tokio v1.52.1
#13 14.36    Compiling globset v0.4.19
#13 14.40    Compiling matchers v0.2.0
#13 14.59    Compiling futures-util v0.3.32
#13 14.92    Compiling zerofrom v0.1.7
#13 15.10    Compiling yoke v0.8.2
#13 15.13    Compiling tracing v0.1.44
#13 15.39    Compiling zerovec v0.11.6
#13 15.40    Compiling zerotrie v0.2.4
#13 15.68    Compiling ignore v0.4.32
#13 15.71    Compiling tracing-subscriber v0.3.23
#13 16.69    Compiling tinystr v0.8.3
#13 16.72    Compiling potential_utf v0.1.5
#13 16.93    Compiling icu_collections v2.2.0
#13 16.98    Compiling icu_locale_core v2.2.0
#13 19.19    Compiling icu_provider v2.2.0
#13 19.83    Compiling icu_normalizer v2.2.0
#13 19.89    Compiling icu_properties v2.2.0
#13 20.51    Compiling futures-executor v0.3.32
#13 20.99    Compiling serde_urlencoded v0.7.1
#13 21.12    Compiling serde_yaml v0.9.34+deprecated
#13 21.41    Compiling secrecy v0.8.0
#13 21.50    Compiling futures v0.3.32
#13 21.59    Compiling axum-core v0.4.5
#13 21.89    Compiling idna_adapter v1.2.2
#13 21.94    Compiling idna v1.1.0
#13 22.26    Compiling url v2.5.8
#13 23.10    Compiling hyper v1.9.0
#13 23.20    Compiling tower v0.5.3
#13 23.28    Compiling tokio-util v0.7.18
#13 24.32    Compiling tower-http v0.6.8
#13 25.08    Compiling hyper-util v0.1.20
#13 25.95    Compiling rustls-webpki v0.103.13
#13 26.72    Compiling axum v0.7.9
#13 29.56    Compiling tokio-rustls v0.26.4
#13 29.81    Compiling hyper-rustls v0.27.9
#13 30.19    Compiling reqwest v0.12.28
#13 32.47    Compiling pharness-core v0.1.0 (/build/crates/pharness-core)
#13 39.06    Compiling pharness-openai-compatible v0.1.0 (/build/crates/pharness-openai-compatible)
#13 47.35    Compiling pharness-model-gateway v0.1.0 (/build/crates/pharness-model-gateway)
#13 51.77     Finished `release` profile [optimized] target(s) in 51.62s
#13 DONE 52.3s

#14 [stage-1 3/3] COPY --from=builder /build/target/x86_64-unknown-linux-gnu/release/pharness-model-gateway /usr/local/bin/pharness-model-gateway
#14 DONE 0.0s

#15 exporting to image
#15 exporting layers
#15 exporting layers 0.5s done
#15 ...

#16 [auth] sharing credentials for registry.lucas.engineering
#16 DONE 0.0s

#15 exporting to image
#15 exporting manifest sha256:877c35c69c2cfcc0d3a9c16a351111b298294ad55e7cf30c875e3f2ad204f1b7 0.0s done
#15 exporting config sha256:ab5685aa922a8ca1ebfdf703ff2edd60b1dac0bbdf7efdb7ca72b15ab4f2787d 0.0s done
#15 pushing layers
#15 pushing layers 68.8s done
#15 pushing manifest for registry.lucas.engineering/pharness-model-gateway:git-19b0c55c48e3614d0b4507d56df3029a52475618@sha256:877c35c69c2cfcc0d3a9c16a351111b298294ad55e7cf30c875e3f2ad204f1b7
#15 pushing manifest for registry.lucas.engineering/pharness-model-gateway:git-19b0c55c48e3614d0b4507d56df3029a52475618@sha256:877c35c69c2cfcc0d3a9c16a351111b298294ad55e7cf30c875e3f2ad204f1b7 10.3s done
#15 DONE 79.6s

#17 resolving provenance for metadata file
#17 DONE 0.8s
repository_root=/Users/wardl/Personal/apps/pharness-astra-corrected-runtime-release
remote=origin
branch=main
verified_revision=19b0c55c48e3614d0b4507d56df3029a52475618
worktree_clean=true
#0 building with "lucas-desktop" instance using remote driver

#1 [internal] load build definition from Dockerfile.eval-runner
#1 transferring dockerfile:
#1 transferring dockerfile: 4.32kB 0.4s done
#1 DONE 0.5s

#2 [internal] load metadata for docker.io/library/rust:1-bookworm@sha256:0e2bcaef56d041a486784e54104a81aebe0da44bd03019bd70bc0401e42e4a97
#2 DONE 0.1s

#3 [internal] load metadata for docker.io/library/debian:bookworm-slim@sha256:abd67ffcfa541b485a3dff59865ab629aa048a6c613e639d36e7456b0b229241
#3 DONE 0.0s

#4 [internal] load metadata for docker.io/library/rust:1-slim-bookworm@sha256:1469a27c125cb5a3aebfa4f4e4665d935b02fb72cc093b2c974b3d740e43f157
#4 DONE 0.1s

#5 [internal] load metadata for docker.io/library/node:24-bookworm-slim@sha256:6642ef280aebc09c4541bee0b15c9f89f0f3f3c247ddee79ae1d37eddfdcbbaa
#5 DONE 1.2s

#6 [internal] load .dockerignore
#6 transferring context: 0.1s
#6 transferring context: 2B 0.4s done
#6 DONE 0.4s

#7 [internal] load build context
#7 DONE 0.0s

#8 [stage-3  1/15] FROM docker.io/library/node:24-bookworm-slim@sha256:6642ef280aebc09c4541bee0b15c9f89f0f3f3c247ddee79ae1d37eddfdcbbaa
#8 resolve docker.io/library/node:24-bookworm-slim@sha256:6642ef280aebc09c4541bee0b15c9f89f0f3f3c247ddee79ae1d37eddfdcbbaa 0.0s done
#8 CACHED

#9 [codex 1/4] FROM docker.io/library/debian:bookworm-slim@sha256:abd67ffcfa541b485a3dff59865ab629aa048a6c613e639d36e7456b0b229241
#9 resolve docker.io/library/debian:bookworm-slim@sha256:abd67ffcfa541b485a3dff59865ab629aa048a6c613e639d36e7456b0b229241 0.1s done
#9 DONE 0.1s

#10 [rust-runtime 1/1] FROM docker.io/library/rust:1-slim-bookworm@sha256:1469a27c125cb5a3aebfa4f4e4665d935b02fb72cc093b2c974b3d740e43f157
#10 resolve docker.io/library/rust:1-slim-bookworm@sha256:1469a27c125cb5a3aebfa4f4e4665d935b02fb72cc093b2c974b3d740e43f157 0.1s done
#10 DONE 0.1s

#11 [builder 1/7] FROM docker.io/library/rust:1-bookworm@sha256:0e2bcaef56d041a486784e54104a81aebe0da44bd03019bd70bc0401e42e4a97
#11 resolve docker.io/library/rust:1-bookworm@sha256:0e2bcaef56d041a486784e54104a81aebe0da44bd03019bd70bc0401e42e4a97 0.1s done
#11 DONE 0.1s

#10 [rust-runtime 1/1] FROM docker.io/library/rust:1-slim-bookworm@sha256:1469a27c125cb5a3aebfa4f4e4665d935b02fb72cc093b2c974b3d740e43f157
#10 CACHED

#12 [stage-3  2/15] RUN apt-get update     && apt-get install -y --no-install-recommends bubblewrap ca-certificates gcc git libc6-dev python3 python3-venv     && rm -rf /var/lib/apt/lists/*     && groupadd --gid 65532 pharness     && useradd --uid 65532 --gid 65532 --home-dir /work --create-home pharness     && rm -f /usr/bin/apt* /usr/bin/dpkg* /usr/sbin/dpkg*
#12 0.220 Get:1 http://deb.debian.org/debian bookworm InRelease [151 kB]
#12 0.291 Get:2 http://deb.debian.org/debian bookworm-updates InRelease [55.4 kB]
#12 0.312 Get:3 http://deb.debian.org/debian-security bookworm-security InRelease [34.8 kB]
#12 0.428 Get:4 http://deb.debian.org/debian bookworm/main amd64 Packages [8790 kB]
#12 1.001 Get:5 http://deb.debian.org/debian bookworm-updates/main amd64 Packages [6924 B]
#12 1.001 Get:6 http://deb.debian.org/debian-security bookworm-security/main amd64 Packages [336 kB]
#12 1.823 Fetched 9375 kB in 2s (5589 kB/s)
#12 1.823 Reading package lists...
#12 2.393 Reading package lists...
#12 2.928 Building dependency tree...
#12 3.050 Reading state information...
#12 3.206 The following additional packages will be installed:
#12 3.206   binutils binutils-common binutils-x86-64-linux-gnu cpp cpp-12 gcc-12 git-man
#12 3.206   libasan8 libatomic1 libbinutils libbrotli1 libc-dev-bin libcc1-0
#12 3.207   libcrypt-dev libctf-nobfd0 libctf0 libcurl3-gnutls liberror-perl libexpat1
#12 3.207   libgcc-12-dev libgdbm-compat4 libgdbm6 libgomp1 libgprofng0 libgssapi-krb5-2
#12 3.207   libisl23 libitm1 libjansson4 libk5crypto3 libkeyutils1 libkrb5-3
#12 3.207   libkrb5support0 libldap-2.5-0 liblsan0 libmpc3 libmpfr6 libncursesw6
#12 3.207   libnghttp2-14 libnsl-dev libnsl2 libperl5.36 libpsl5 libpython3-stdlib
#12 3.207   libpython3.11-minimal libpython3.11-stdlib libquadmath0 libreadline8
#12 3.207   librtmp1 libsasl2-2 libsasl2-modules-db libsqlite3-0 libssh2-1 libssl3
#12 3.207   libtirpc-common libtirpc-dev libtirpc3 libtsan2 libubsan1 linux-libc-dev
#12 3.207   media-types openssl perl perl-modules-5.36 python3-distutils python3-lib2to3
#12 3.207   python3-minimal python3-pip-whl python3-setuptools-whl python3.11
#12 3.207   python3.11-minimal python3.11-venv readline-common rpcsvc-proto
#12 3.209 Suggested packages:
#12 3.209   binutils-doc cpp-doc gcc-12-locales cpp-12-doc gcc-multilib make
#12 3.209   manpages-dev autoconf automake libtool flex bison gdb gcc-doc
#12 3.209   gcc-12-multilib gcc-12-doc gettext-base git-daemon-run | git-daemon-sysvinit
#12 3.209   git-doc git-email git-gui gitk gitweb git-cvs git-mediawiki git-svn
#12 3.209   glibc-doc gdbm-l10n krb5-doc krb5-user sensible-utils perl-doc
#12 3.209   libterm-readline-gnu-perl | libterm-readline-perl-perl
#12 3.209   libtap-harness-archive-perl python3-doc python3-tk python3.11-doc
#12 3.209   binfmt-support readline-doc
#12 3.209 Recommended packages:
#12 3.209   procps patch less ssh-client manpages manpages-dev libc-devtools
#12 3.209   krb5-locales libldap-common libgpm2 publicsuffix libsasl2-modules netbase
#12 3.632 The following NEW packages will be installed:
#12 3.632   binutils binutils-common binutils-x86-64-linux-gnu bubblewrap
#12 3.632   ca-certificates cpp cpp-12 gcc gcc-12 git git-man libasan8 libatomic1
#12 3.632   libbinutils libbrotli1 libc-dev-bin libc6-dev libcc1-0 libcrypt-dev
#12 3.632   libctf-nobfd0 libctf0 libcurl3-gnutls liberror-perl libexpat1 libgcc-12-dev
#12 3.632   libgdbm-compat4 libgdbm6 libgomp1 libgprofng0 libgssapi-krb5-2 libisl23
#12 3.632   libitm1 libjansson4 libk5crypto3 libkeyutils1 libkrb5-3 libkrb5support0
#12 3.632   libldap-2.5-0 liblsan0 libmpc3 libmpfr6 libncursesw6 libnghttp2-14
#12 3.632   libnsl-dev libnsl2 libperl5.36 libpsl5 libpython3-stdlib
#12 3.632   libpython3.11-minimal libpython3.11-stdlib libquadmath0 libreadline8
#12 3.632   librtmp1 libsasl2-2 libsasl2-modules-db libsqlite3-0 libssh2-1 libssl3
#12 3.632   libtirpc-common libtirpc-dev libtirpc3 libtsan2 libubsan1 linux-libc-dev
#12 3.633   media-types openssl perl perl-modules-5.36 python3 python3-distutils
#12 3.633   python3-lib2to3 python3-minimal python3-pip-whl python3-setuptools-whl
#12 3.633   python3-venv python3.11 python3.11-minimal python3.11-venv readline-common
#12 3.633   rpcsvc-proto
#12 3.723 0 upgraded, 80 newly installed, 0 to remove and 1 not upgraded.
#12 3.723 Need to get 82.8 MB of archives.
#12 3.723 After this operation, 342 MB of additional disk space will be used.
#12 3.723 Get:1 http://deb.debian.org/debian bookworm/main amd64 perl-modules-5.36 all 5.36.0-7+deb12u3 [2815 kB]
#12 4.034 Get:2 http://deb.debian.org/debian bookworm/main amd64 libgdbm6 amd64 1.23-3 [72.2 kB]
#12 4.037 Get:3 http://deb.debian.org/debian bookworm/main amd64 libgdbm-compat4 amd64 1.23-3 [48.2 kB]
#12 4.039 Get:4 http://deb.debian.org/debian bookworm/main amd64 libperl5.36 amd64 5.36.0-7+deb12u3 [4196 kB]
#12 4.271 Get:5 http://deb.debian.org/debian bookworm/main amd64 perl amd64 5.36.0-7+deb12u3 [239 kB]
#12 4.284 Get:6 http://deb.debian.org/debian bookworm/main amd64 libssl3 amd64 3.0.20-1~deb12u2 [2036 kB]
#12 4.406 Get:7 http://deb.debian.org/debian bookworm/main amd64 libpython3.11-minimal amd64 3.11.2-6+deb12u8 [818 kB]
#12 4.447 Get:8 http://deb.debian.org/debian-security bookworm-security/main amd64 libexpat1 amd64 2.5.0-1+deb12u3 [104 kB]
#12 4.452 Get:9 http://deb.debian.org/debian bookworm/main amd64 python3.11-minimal amd64 3.11.2-6+deb12u8 [2065 kB]
#12 4.556 Get:10 http://deb.debian.org/debian bookworm/main amd64 python3-minimal amd64 3.11.2-1+b1 [26.3 kB]
#12 4.557 Get:11 http://deb.debian.org/debian bookworm/main amd64 media-types all 10.0.0 [26.1 kB]
#12 4.558 Get:12 http://deb.debian.org/debian bookworm/main amd64 libncursesw6 amd64 6.4-4 [134 kB]
#12 4.564 Get:13 http://deb.debian.org/debian bookworm/main amd64 libkrb5support0 amd64 1.20.1-2+deb12u5 [33.2 kB]
#12 4.567 Get:14 http://deb.debian.org/debian bookworm/main amd64 libk5crypto3 amd64 1.20.1-2+deb12u5 [79.7 kB]
#12 4.570 Get:15 http://deb.debian.org/debian bookworm/main amd64 libkeyutils1 amd64 1.6.3-2 [8808 B]
#12 4.572 Get:16 http://deb.debian.org/debian bookworm/main amd64 libkrb5-3 amd64 1.20.1-2+deb12u5 [332 kB]
#12 4.591 Get:17 http://deb.debian.org/debian bookworm/main amd64 libgssapi-krb5-2 amd64 1.20.1-2+deb12u5 [135 kB]
#12 4.597 Get:18 http://deb.debian.org/debian bookworm/main amd64 libtirpc-common all 1.3.3+ds-1 [14.0 kB]
#12 4.598 Get:19 http://deb.debian.org/debian bookworm/main amd64 libtirpc3 amd64 1.3.3+ds-1 [85.2 kB]
#12 4.603 Get:20 http://deb.debian.org/debian bookworm/main amd64 libnsl2 amd64 1.3.0-2 [39.5 kB]
#12 4.605 Get:21 http://deb.debian.org/debian bookworm/main amd64 readline-common all 8.2-1.3 [69.0 kB]
#12 4.609 Get:22 http://deb.debian.org/debian bookworm/main amd64 libreadline8 amd64 8.2-1.3 [166 kB]
#12 4.616 Get:23 http://deb.debian.org/debian bookworm/main amd64 libsqlite3-0 amd64 3.40.1-2+deb12u2 [839 kB]
#12 4.658 Get:24 http://deb.debian.org/debian bookworm/main amd64 libpython3.11-stdlib amd64 3.11.2-6+deb12u8 [1799 kB]
#12 4.750 Get:25 http://deb.debian.org/debian bookworm/main amd64 python3.11 amd64 3.11.2-6+deb12u8 [574 kB]
#12 4.778 Get:26 http://deb.debian.org/debian bookworm/main amd64 libpython3-stdlib amd64 3.11.2-1+b1 [9312 B]
#12 4.779 Get:27 http://deb.debian.org/debian bookworm/main amd64 python3 amd64 3.11.2-1+b1 [26.3 kB]
#12 4.801 Get:28 http://deb.debian.org/debian bookworm/main amd64 openssl amd64 3.0.20-1~deb12u2 [1439 kB]
#12 4.873 Get:29 http://deb.debian.org/debian-security bookworm-security/main amd64 ca-certificates all 20250419~deb12u1 [162 kB]
#12 4.882 Get:30 http://deb.debian.org/debian bookworm/main amd64 binutils-common amd64 2.40-2 [2487 kB]
#12 5.008 Get:31 http://deb.debian.org/debian bookworm/main amd64 libbinutils amd64 2.40-2 [572 kB]
#12 5.035 Get:32 http://deb.debian.org/debian bookworm/main amd64 libctf-nobfd0 amd64 2.40-2 [153 kB]
#12 5.044 Get:33 http://deb.debian.org/debian bookworm/main amd64 libctf0 amd64 2.40-2 [89.8 kB]
#12 5.048 Get:34 http://deb.debian.org/debian bookworm/main amd64 libgprofng0 amd64 2.40-2 [812 kB]
#12 5.087 Get:35 http://deb.debian.org/debian bookworm/main amd64 libjansson4 amd64 2.14-2 [40.8 kB]
#12 5.090 Get:36 http://deb.debian.org/debian bookworm/main amd64 binutils-x86-64-linux-gnu amd64 2.40-2 [2246 kB]
#12 5.204 Get:37 http://deb.debian.org/debian bookworm/main amd64 binutils amd64 2.40-2 [65.0 kB]
#12 5.208 Get:38 http://deb.debian.org/debian bookworm/main amd64 bubblewrap amd64 0.8.0-2+deb12u1 [47.3 kB]
#12 5.210 Get:39 http://deb.debian.org/debian bookworm/main amd64 libisl23 amd64 0.25-1.1 [683 kB]
#12 5.242 Get:40 http://deb.debian.org/debian bookworm/main amd64 libmpfr6 amd64 4.2.0-1 [701 kB]
#12 5.278 Get:41 http://deb.debian.org/debian bookworm/main amd64 libmpc3 amd64 1.3.1-1 [51.5 kB]
#12 5.280 Get:42 http://deb.debian.org/debian bookworm/main amd64 cpp-12 amd64 12.2.0-14+deb12u1 [9768 kB]
#12 5.770 Get:43 http://deb.debian.org/debian bookworm/main amd64 cpp amd64 4:12.2.0-3 [6836 B]
#12 5.772 Get:44 http://deb.debian.org/debian bookworm/main amd64 libcc1-0 amd64 12.2.0-14+deb12u1 [41.7 kB]
#12 5.773 Get:45 http://deb.debian.org/debian bookworm/main amd64 libgomp1 amd64 12.2.0-14+deb12u1 [116 kB]
#12 5.778 Get:46 http://deb.debian.org/debian bookworm/main amd64 libitm1 amd64 12.2.0-14+deb12u1 [26.1 kB]
#12 5.780 Get:47 http://deb.debian.org/debian bookworm/main amd64 libatomic1 amd64 12.2.0-14+deb12u1 [9376 B]
#12 5.780 Get:48 http://deb.debian.org/debian bookworm/main amd64 libasan8 amd64 12.2.0-14+deb12u1 [2193 kB]
#12 5.896 Get:49 http://deb.debian.org/debian bookworm/main amd64 liblsan0 amd64 12.2.0-14+deb12u1 [969 kB]
#12 5.946 Get:50 http://deb.debian.org/debian bookworm/main amd64 libtsan2 amd64 12.2.0-14+deb12u1 [2197 kB]
#12 6.086 Get:51 http://deb.debian.org/debian bookworm/main amd64 libubsan1 amd64 12.2.0-14+deb12u1 [883 kB]
#12 6.132 Get:52 http://deb.debian.org/debian bookworm/main amd64 libquadmath0 amd64 12.2.0-14+deb12u1 [145 kB]
#12 6.140 Get:53 http://deb.debian.org/debian bookworm/main amd64 libgcc-12-dev amd64 12.2.0-14+deb12u1 [2437 kB]
#12 6.259 Get:54 http://deb.debian.org/debian bookworm/main amd64 gcc-12 amd64 12.2.0-14+deb12u1 [19.3 MB]
#12 7.237 Get:55 http://deb.debian.org/debian bookworm/main amd64 gcc amd64 4:12.2.0-3 [5216 B]
#12 7.237 Get:56 http://deb.debian.org/debian bookworm/main amd64 libbrotli1 amd64 1.0.9-2+b6 [275 kB]
#12 7.252 Get:57 http://deb.debian.org/debian bookworm/main amd64 libsasl2-modules-db amd64 2.1.28+dfsg-10 [20.3 kB]
#12 7.254 Get:58 http://deb.debian.org/debian bookworm/main amd64 libsasl2-2 amd64 2.1.28+dfsg-10 [59.7 kB]
#12 7.281 Get:59 http://deb.debian.org/debian bookworm/main amd64 libldap-2.5-0 amd64 2.5.13+dfsg-5 [183 kB]
#12 7.291 Get:60 http://deb.debian.org/debian bookworm/main amd64 libnghttp2-14 amd64 1.52.0-1+deb12u3 [72.4 kB]
#12 7.294 Get:61 http://deb.debian.org/debian bookworm/main amd64 libpsl5 amd64 0.21.2-1 [58.7 kB]
#12 7.297 Get:62 http://deb.debian.org/debian bookworm/main amd64 librtmp1 amd64 2.4+20151223.gitfa8646d.1-2+b2 [60.8 kB]
#12 7.299 Get:63 http://deb.debian.org/debian-security bookworm-security/main amd64 libssh2-1 amd64 1.10.0-3+deb12u1 [176 kB]
#12 7.308 Get:64 http://deb.debian.org/debian bookworm/main amd64 libcurl3-gnutls amd64 7.88.1-10+deb12u15 [386 kB]
#12 7.326 Get:65 http://deb.debian.org/debian bookworm/main amd64 liberror-perl all 0.17029-2 [29.0 kB]
#12 7.329 Get:66 http://deb.debian.org/debian bookworm/main amd64 git-man all 1:2.39.5-0+deb12u3 [2053 kB]
#12 7.430 Get:67 http://deb.debian.org/debian bookworm/main amd64 git amd64 1:2.39.5-0+deb12u3 [7264 kB]
#12 8.031 Get:68 http://deb.debian.org/debian bookworm/main amd64 libc-dev-bin amd64 2.36-9+deb12u14 [48.1 kB]
#12 8.031 Get:69 http://deb.debian.org/debian-security bookworm-security/main amd64 linux-libc-dev amd64 6.1.180-1 [2332 kB]
#12 8.040 Get:70 http://deb.debian.org/debian bookworm/main amd64 libcrypt-dev amd64 1:4.4.33-2 [118 kB]
#12 8.041 Get:71 http://deb.debian.org/debian bookworm/main amd64 libtirpc-dev amd64 1.3.3+ds-1 [191 kB]
#12 8.042 Get:72 http://deb.debian.org/debian bookworm/main amd64 libnsl-dev amd64 1.3.0-2 [66.4 kB]
#12 8.043 Get:73 http://deb.debian.org/debian bookworm/main amd64 rpcsvc-proto amd64 1.4.3-1 [63.3 kB]
#12 8.044 Get:74 http://deb.debian.org/debian bookworm/main amd64 libc6-dev amd64 2.36-9+deb12u14 [1904 kB]
#12 8.057 Get:75 http://deb.debian.org/debian bookworm/main amd64 python3-lib2to3 all 3.11.2-3 [76.3 kB]
#12 8.058 Get:76 http://deb.debian.org/debian bookworm/main amd64 python3-distutils all 3.11.2-3 [131 kB]
#12 8.064 Get:77 http://deb.debian.org/debian bookworm/main amd64 python3-pip-whl all 23.0.1+dfsg-1 [1717 kB]
#12 8.172 Get:78 http://deb.debian.org/debian bookworm/main amd64 python3-setuptools-whl all 66.1.1-1+deb12u2 [1112 kB]
#12 8.227 Get:79 http://deb.debian.org/debian bookworm/main amd64 python3.11-venv amd64 3.11.2-6+deb12u8 [5888 B]
#12 8.227 Get:80 http://deb.debian.org/debian bookworm/main amd64 python3-venv amd64 3.11.2-1+b1 [1200 B]
#12 8.390 debconf: delaying package configuration, since apt-utils is not installed
#12 8.433 Fetched 82.8 MB in 5s (18.1 MB/s)
#12 8.469 Selecting previously unselected package perl-modules-5.36.
#12 8.469 (Reading database ... 
(Reading database ... 5%
(Reading database ... 10%
(Reading database ... 15%
(Reading database ... 20%
(Reading database ... 25%
(Reading database ... 30%
(Reading database ... 35%
(Reading database ... 40%
(Reading database ... 45%
(Reading database ... 50%
(Reading database ... 55%
(Reading database ... 60%
(Reading database ... 65%
(Reading database ... 70%
(Reading database ... 75%
(Reading database ... 80%
(Reading database ... 85%
(Reading database ... 90%
(Reading database ... 95%
(Reading database ... 100%
(Reading database ... 6096 files and directories currently installed.)
#12 8.475 Preparing to unpack .../0-perl-modules-5.36_5.36.0-7+deb12u3_all.deb ...
#12 8.477 Unpacking perl-modules-5.36 (5.36.0-7+deb12u3) ...
#12 8.836 Selecting previously unselected package libgdbm6:amd64.
#12 8.837 Preparing to unpack .../1-libgdbm6_1.23-3_amd64.deb ...
#12 8.842 Unpacking libgdbm6:amd64 (1.23-3) ...
#12 8.888 Selecting previously unselected package libgdbm-compat4:amd64.
#12 8.889 Preparing to unpack .../2-libgdbm-compat4_1.23-3_amd64.deb ...
#12 8.892 Unpacking libgdbm-compat4:amd64 (1.23-3) ...
#12 8.931 Selecting previously unselected package libperl5.36:amd64.
#12 8.931 Preparing to unpack .../3-libperl5.36_5.36.0-7+deb12u3_amd64.deb ...
#12 8.934 Unpacking libperl5.36:amd64 (5.36.0-7+deb12u3) ...
#12 9.330 Selecting previously unselected package perl.
#12 9.331 Preparing to unpack .../4-perl_5.36.0-7+deb12u3_amd64.deb ...
#12 9.343 Unpacking perl (5.36.0-7+deb12u3) ...
#12 9.425 Selecting previously unselected package libssl3:amd64.
#12 9.427 Preparing to unpack .../5-libssl3_3.0.20-1~deb12u2_amd64.deb ...
#12 9.429 Unpacking libssl3:amd64 (3.0.20-1~deb12u2) ...
#12 9.614 Selecting previously unselected package libpython3.11-minimal:amd64.
#12 9.617 Preparing to unpack .../6-libpython3.11-minimal_3.11.2-6+deb12u8_amd64.deb ...
#12 9.620 Unpacking libpython3.11-minimal:amd64 (3.11.2-6+deb12u8) ...
#12 9.754 Selecting previously unselected package libexpat1:amd64.
#12 9.755 Preparing to unpack .../7-libexpat1_2.5.0-1+deb12u3_amd64.deb ...
#12 9.759 Unpacking libexpat1:amd64 (2.5.0-1+deb12u3) ...
#12 9.806 Selecting previously unselected package python3.11-minimal.
#12 9.807 Preparing to unpack .../8-python3.11-minimal_3.11.2-6+deb12u8_amd64.deb ...
#12 9.815 Unpacking python3.11-minimal (3.11.2-6+deb12u8) ...
#12 10.03 Setting up libssl3:amd64 (3.0.20-1~deb12u2) ...
#12 10.04 Setting up libpython3.11-minimal:amd64 (3.11.2-6+deb12u8) ...
#12 10.06 Setting up libexpat1:amd64 (2.5.0-1+deb12u3) ...
#12 10.06 Setting up python3.11-minimal (3.11.2-6+deb12u8) ...
#12 10.73 Selecting previously unselected package python3-minimal.
#12 10.73 (Reading database ... 
(Reading database ... 5%
(Reading database ... 10%
(Reading database ... 15%
(Reading database ... 20%
(Reading database ... 25%
(Reading database ... 30%
(Reading database ... 35%
(Reading database ... 40%
(Reading database ... 45%
(Reading database ... 50%
(Reading database ... 55%
(Reading database ... 60%
(Reading database ... 65%
(Reading database ... 70%
(Reading database ... 75%
(Reading database ... 80%
(Reading database ... 85%
(Reading database ... 90%
(Reading database ... 95%
(Reading database ... 100%
(Reading database ... 8428 files and directories currently installed.)
#12 10.74 Preparing to unpack .../00-python3-minimal_3.11.2-1+b1_amd64.deb ...
#12 10.74 Unpacking python3-minimal (3.11.2-1+b1) ...
#12 10.78 Selecting previously unselected package media-types.
#12 10.78 Preparing to unpack .../01-media-types_10.0.0_all.deb ...
#12 10.78 Unpacking media-types (10.0.0) ...
#12 10.82 Selecting previously unselected package libncursesw6:amd64.
#12 10.82 Preparing to unpack .../02-libncursesw6_6.4-4_amd64.deb ...
#12 10.83 Unpacking libncursesw6:amd64 (6.4-4) ...
#12 10.89 Selecting previously unselected package libkrb5support0:amd64.
#12 10.90 Preparing to unpack .../03-libkrb5support0_1.20.1-2+deb12u5_amd64.deb ...
#12 10.90 Unpacking libkrb5support0:amd64 (1.20.1-2+deb12u5) ...
#12 10.95 Selecting previously unselected package libk5crypto3:amd64.
#12 10.95 Preparing to unpack .../04-libk5crypto3_1.20.1-2+deb12u5_amd64.deb ...
#12 10.95 Unpacking libk5crypto3:amd64 (1.20.1-2+deb12u5) ...
#12 11.00 Selecting previously unselected package libkeyutils1:amd64.
#12 11.01 Preparing to unpack .../05-libkeyutils1_1.6.3-2_amd64.deb ...
#12 11.01 Unpacking libkeyutils1:amd64 (1.6.3-2) ...
#12 11.05 Selecting previously unselected package libkrb5-3:amd64.
#12 11.06 Preparing to unpack .../06-libkrb5-3_1.20.1-2+deb12u5_amd64.deb ...
#12 11.06 Unpacking libkrb5-3:amd64 (1.20.1-2+deb12u5) ...
#12 11.16 Selecting previously unselected package libgssapi-krb5-2:amd64.
#12 11.16 Preparing to unpack .../07-libgssapi-krb5-2_1.20.1-2+deb12u5_amd64.deb ...
#12 11.16 Unpacking libgssapi-krb5-2:amd64 (1.20.1-2+deb12u5) ...
#12 11.22 Selecting previously unselected package libtirpc-common.
#12 11.23 Preparing to unpack .../08-libtirpc-common_1.3.3+ds-1_all.deb ...
#12 11.23 Unpacking libtirpc-common (1.3.3+ds-1) ...
#12 11.28 Selecting previously unselected package libtirpc3:amd64.
#12 11.28 Preparing to unpack .../09-libtirpc3_1.3.3+ds-1_amd64.deb ...
#12 11.28 Unpacking libtirpc3:amd64 (1.3.3+ds-1) ...
#12 11.33 Selecting previously unselected package libnsl2:amd64.
#12 11.33 Preparing to unpack .../10-libnsl2_1.3.0-2_amd64.deb ...
#12 11.34 Unpacking libnsl2:amd64 (1.3.0-2) ...
#12 11.38 Selecting previously unselected package readline-common.
#12 11.38 Preparing to unpack .../11-readline-common_8.2-1.3_all.deb ...
#12 11.38 Unpacking readline-common (8.2-1.3) ...
#12 11.43 Selecting previously unselected package libreadline8:amd64.
#12 11.43 Preparing to unpack .../12-libreadline8_8.2-1.3_amd64.deb ...
#12 11.43 Unpacking libreadline8:amd64 (8.2-1.3) ...
#12 11.51 Selecting previously unselected package libsqlite3-0:amd64.
#12 11.51 Preparing to unpack .../13-libsqlite3-0_3.40.1-2+deb12u2_amd64.deb ...
#12 11.51 Unpacking libsqlite3-0:amd64 (3.40.1-2+deb12u2) ...
#12 11.60 Selecting previously unselected package libpython3.11-stdlib:amd64.
#12 11.60 Preparing to unpack .../14-libpython3.11-stdlib_3.11.2-6+deb12u8_amd64.deb ...
#12 11.60 Unpacking libpython3.11-stdlib:amd64 (3.11.2-6+deb12u8) ...
#12 11.80 Selecting previously unselected package python3.11.
#12 11.80 Preparing to unpack .../15-python3.11_3.11.2-6+deb12u8_amd64.deb ...
#12 11.80 Unpacking python3.11 (3.11.2-6+deb12u8) ...
#12 11.86 Selecting previously unselected package libpython3-stdlib:amd64.
#12 11.86 Preparing to unpack .../16-libpython3-stdlib_3.11.2-1+b1_amd64.deb ...
#12 11.86 Unpacking libpython3-stdlib:amd64 (3.11.2-1+b1) ...
#12 11.91 Setting up python3-minimal (3.11.2-1+b1) ...
#12 12.14 Selecting previously unselected package python3.
#12 12.14 (Reading database ... 
(Reading database ... 5%
(Reading database ... 10%
(Reading database ... 15%
(Reading database ... 20%
(Reading database ... 25%
(Reading database ... 30%
(Reading database ... 35%
(Reading database ... 40%
(Reading database ... 45%
(Reading database ... 50%
(Reading database ... 55%
(Reading database ... 60%
(Reading database ... 65%
(Reading database ... 70%
(Reading database ... 75%
(Reading database ... 80%
(Reading database ... 85%
(Reading database ... 90%
(Reading database ... 95%
(Reading database ... 100%
(Reading database ... 8936 files and directories currently installed.)
#12 12.14 Preparing to unpack .../00-python3_3.11.2-1+b1_amd64.deb ...
#12 12.15 Unpacking python3 (3.11.2-1+b1) ...
#12 12.20 Selecting previously unselected package openssl.
#12 12.20 Preparing to unpack .../01-openssl_3.0.20-1~deb12u2_amd64.deb ...
#12 12.20 Unpacking openssl (3.0.20-1~deb12u2) ...
#12 12.36 Selecting previously unselected package ca-certificates.
#12 12.36 Preparing to unpack .../02-ca-certificates_20250419~deb12u1_all.deb ...
#12 12.36 Unpacking ca-certificates (20250419~deb12u1) ...
#12 12.45 Selecting previously unselected package binutils-common:amd64.
#12 12.45 Preparing to unpack .../03-binutils-common_2.40-2_amd64.deb ...
#12 12.46 Unpacking binutils-common:amd64 (2.40-2) ...
#12 12.70 Selecting previously unselected package libbinutils:amd64.
#12 12.70 Preparing to unpack .../04-libbinutils_2.40-2_amd64.deb ...
#12 12.71 Unpacking libbinutils:amd64 (2.40-2) ...
#12 12.80 Selecting previously unselected package libctf-nobfd0:amd64.
#12 12.80 Preparing to unpack .../05-libctf-nobfd0_2.40-2_amd64.deb ...
#12 12.80 Unpacking libctf-nobfd0:amd64 (2.40-2) ...
#12 12.85 Selecting previously unselected package libctf0:amd64.
#12 12.85 Preparing to unpack .../06-libctf0_2.40-2_amd64.deb ...
#12 12.85 Unpacking libctf0:amd64 (2.40-2) ...
#12 12.90 Selecting previously unselected package libgprofng0:amd64.
#12 12.90 Preparing to unpack .../07-libgprofng0_2.40-2_amd64.deb ...
#12 12.91 Unpacking libgprofng0:amd64 (2.40-2) ...
#12 13.04 Selecting previously unselected package libjansson4:amd64.
#12 13.04 Preparing to unpack .../08-libjansson4_2.14-2_amd64.deb ...
#12 13.04 Unpacking libjansson4:amd64 (2.14-2) ...
#12 13.08 Selecting previously unselected package binutils-x86-64-linux-gnu.
#12 13.08 Preparing to unpack .../09-binutils-x86-64-linux-gnu_2.40-2_amd64.deb ...
#12 13.08 Unpacking binutils-x86-64-linux-gnu (2.40-2) ...
#12 13.33 Selecting previously unselected package binutils.
#12 13.34 Preparing to unpack .../10-binutils_2.40-2_amd64.deb ...
#12 13.34 Unpacking binutils (2.40-2) ...
#12 13.38 Selecting previously unselected package bubblewrap.
#12 13.38 Preparing to unpack .../11-bubblewrap_0.8.0-2+deb12u1_amd64.deb ...
#12 13.39 Unpacking bubblewrap (0.8.0-2+deb12u1) ...
#12 13.43 Selecting previously unselected package libisl23:amd64.
#12 13.43 Preparing to unpack .../12-libisl23_0.25-1.1_amd64.deb ...
#12 13.43 Unpacking libisl23:amd64 (0.25-1.1) ...
#12 13.56 Selecting previously unselected package libmpfr6:amd64.
#12 13.56 Preparing to unpack .../13-libmpfr6_4.2.0-1_amd64.deb ...
#12 13.56 Unpacking libmpfr6:amd64 (4.2.0-1) ...
#12 13.65 Selecting previously unselected package libmpc3:amd64.
#12 13.66 Preparing to unpack .../14-libmpc3_1.3.1-1_amd64.deb ...
#12 13.66 Unpacking libmpc3:amd64 (1.3.1-1) ...
#12 13.70 Selecting previously unselected package cpp-12.
#12 13.70 Preparing to unpack .../15-cpp-12_12.2.0-14+deb12u1_amd64.deb ...
#12 13.70 Unpacking cpp-12 (12.2.0-14+deb12u1) ...
#12 14.41 Selecting previously unselected package cpp.
#12 14.41 Preparing to unpack .../16-cpp_4%3a12.2.0-3_amd64.deb ...
#12 14.41 Unpacking cpp (4:12.2.0-3) ...
#12 14.45 Selecting previously unselected package libcc1-0:amd64.
#12 14.45 Preparing to unpack .../17-libcc1-0_12.2.0-14+deb12u1_amd64.deb ...
#12 14.46 Unpacking libcc1-0:amd64 (12.2.0-14+deb12u1) ...
#12 14.50 Selecting previously unselected package libgomp1:amd64.
#12 14.50 Preparing to unpack .../18-libgomp1_12.2.0-14+deb12u1_amd64.deb ...
#12 14.50 Unpacking libgomp1:amd64 (12.2.0-14+deb12u1) ...
#12 14.57 Selecting previously unselected package libitm1:amd64.
#12 14.57 Preparing to unpack .../19-libitm1_12.2.0-14+deb12u1_amd64.deb ...
#12 14.57 Unpacking libitm1:amd64 (12.2.0-14+deb12u1) ...
#12 14.62 Selecting previously unselected package libatomic1:amd64.
#12 14.63 Preparing to unpack .../20-libatomic1_12.2.0-14+deb12u1_amd64.deb ...
#12 14.63 Unpacking libatomic1:amd64 (12.2.0-14+deb12u1) ...
#12 14.67 Selecting previously unselected package libasan8:amd64.
#12 14.68 Preparing to unpack .../21-libasan8_12.2.0-14+deb12u1_amd64.deb ...
#12 14.68 Unpacking libasan8:amd64 (12.2.0-14+deb12u1) ...
#12 14.92 Selecting previously unselected package liblsan0:amd64.
#12 14.93 Preparing to unpack .../22-liblsan0_12.2.0-14+deb12u1_amd64.deb ...
#12 14.93 Unpacking liblsan0:amd64 (12.2.0-14+deb12u1) ...
#12 15.04 Selecting previously unselected package libtsan2:amd64.
#12 15.05 Preparing to unpack .../23-libtsan2_12.2.0-14+deb12u1_amd64.deb ...
#12 15.05 Unpacking libtsan2:amd64 (12.2.0-14+deb12u1) ...
#12 15.30 Selecting previously unselected package libubsan1:amd64.
#12 15.30 Preparing to unpack .../24-libubsan1_12.2.0-14+deb12u1_amd64.deb ...
#12 15.30 Unpacking libubsan1:amd64 (12.2.0-14+deb12u1) ...
#12 15.43 Selecting previously unselected package libquadmath0:amd64.
#12 15.43 Preparing to unpack .../25-libquadmath0_12.2.0-14+deb12u1_amd64.deb ...
#12 15.43 Unpacking libquadmath0:amd64 (12.2.0-14+deb12u1) ...
#12 15.49 Selecting previously unselected package libgcc-12-dev:amd64.
#12 15.49 Preparing to unpack .../26-libgcc-12-dev_12.2.0-14+deb12u1_amd64.deb ...
#12 15.50 Unpacking libgcc-12-dev:amd64 (12.2.0-14+deb12u1) ...
#12 15.74 Selecting previously unselected package gcc-12.
#12 15.74 Preparing to unpack .../27-gcc-12_12.2.0-14+deb12u1_amd64.deb ...
#12 15.75 Unpacking gcc-12 (12.2.0-14+deb12u1) ...
#12 16.50 Selecting previously unselected package gcc.
#12 16.50 Preparing to unpack .../28-gcc_4%3a12.2.0-3_amd64.deb ...
#12 16.50 Unpacking gcc (4:12.2.0-3) ...
#12 16.55 Selecting previously unselected package libbrotli1:amd64.
#12 16.55 Preparing to unpack .../29-libbrotli1_1.0.9-2+b6_amd64.deb ...
#12 16.55 Unpacking libbrotli1:amd64 (1.0.9-2+b6) ...
#12 16.63 Selecting previously unselected package libsasl2-modules-db:amd64.
#12 16.63 Preparing to unpack .../30-libsasl2-modules-db_2.1.28+dfsg-10_amd64.deb ...
#12 16.63 Unpacking libsasl2-modules-db:amd64 (2.1.28+dfsg-10) ...
#12 16.67 Selecting previously unselected package libsasl2-2:amd64.
#12 16.67 Preparing to unpack .../31-libsasl2-2_2.1.28+dfsg-10_amd64.deb ...
#12 16.68 Unpacking libsasl2-2:amd64 (2.1.28+dfsg-10) ...
#12 16.73 Selecting previously unselected package libldap-2.5-0:amd64.
#12 16.73 Preparing to unpack .../32-libldap-2.5-0_2.5.13+dfsg-5_amd64.deb ...
#12 16.73 Unpacking libldap-2.5-0:amd64 (2.5.13+dfsg-5) ...
#12 16.78 Selecting previously unselected package libnghttp2-14:amd64.
#12 16.78 Preparing to unpack .../33-libnghttp2-14_1.52.0-1+deb12u3_amd64.deb ...
#12 16.79 Unpacking libnghttp2-14:amd64 (1.52.0-1+deb12u3) ...
#12 16.83 Selecting previously unselected package libpsl5:amd64.
#12 16.83 Preparing to unpack .../34-libpsl5_0.21.2-1_amd64.deb ...
#12 16.84 Unpacking libpsl5:amd64 (0.21.2-1) ...
#12 16.87 Selecting previously unselected package librtmp1:amd64.
#12 16.87 Preparing to unpack .../35-librtmp1_2.4+20151223.gitfa8646d.1-2+b2_amd64.deb ...
#12 16.88 Unpacking librtmp1:amd64 (2.4+20151223.gitfa8646d.1-2+b2) ...
#12 16.92 Selecting previously unselected package libssh2-1:amd64.
#12 16.92 Preparing to unpack .../36-libssh2-1_1.10.0-3+deb12u1_amd64.deb ...
#12 16.93 Unpacking libssh2-1:amd64 (1.10.0-3+deb12u1) ...
#12 17.00 Selecting previously unselected package libcurl3-gnutls:amd64.
#12 17.00 Preparing to unpack .../37-libcurl3-gnutls_7.88.1-10+deb12u15_amd64.deb ...
#12 17.01 Unpacking libcurl3-gnutls:amd64 (7.88.1-10+deb12u15) ...
#12 17.07 Selecting previously unselected package liberror-perl.
#12 17.07 Preparing to unpack .../38-liberror-perl_0.17029-2_all.deb ...
#12 17.07 Unpacking liberror-perl (0.17029-2) ...
#12 17.11 Selecting previously unselected package git-man.
#12 17.11 Preparing to unpack .../39-git-man_1%3a2.39.5-0+deb12u3_all.deb ...
#12 17.12 Unpacking git-man (1:2.39.5-0+deb12u3) ...
#12 17.25 Selecting previously unselected package git.
#12 17.25 Preparing to unpack .../40-git_1%3a2.39.5-0+deb12u3_amd64.deb ...
#12 17.26 Unpacking git (1:2.39.5-0+deb12u3) ...
#12 17.65 Selecting previously unselected package libc-dev-bin.
#12 17.65 Preparing to unpack .../41-libc-dev-bin_2.36-9+deb12u14_amd64.deb ...
#12 17.65 Unpacking libc-dev-bin (2.36-9+deb12u14) ...
#12 17.69 Selecting previously unselected package linux-libc-dev:amd64.
#12 17.69 Preparing to unpack .../42-linux-libc-dev_6.1.180-1_amd64.deb ...
#12 17.69 Unpacking linux-libc-dev:amd64 (6.1.180-1) ...
#12 17.90 Selecting previously unselected package libcrypt-dev:amd64.
#12 17.90 Preparing to unpack .../43-libcrypt-dev_1%3a4.4.33-2_amd64.deb ...
#12 17.92 Unpacking libcrypt-dev:amd64 (1:4.4.33-2) ...
#12 17.97 Selecting previously unselected package libtirpc-dev:amd64.
#12 17.97 Preparing to unpack .../44-libtirpc-dev_1.3.3+ds-1_amd64.deb ...
#12 17.98 Unpacking libtirpc-dev:amd64 (1.3.3+ds-1) ...
#12 18.03 Selecting previously unselected package libnsl-dev:amd64.
#12 18.03 Preparing to unpack .../45-libnsl-dev_1.3.0-2_amd64.deb ...
#12 18.03 Unpacking libnsl-dev:amd64 (1.3.0-2) ...
#12 18.07 Selecting previously unselected package rpcsvc-proto.
#12 18.08 Preparing to unpack .../46-rpcsvc-proto_1.4.3-1_amd64.deb ...
#12 18.08 Unpacking rpcsvc-proto (1.4.3-1) ...
#12 18.13 Selecting previously unselected package libc6-dev:amd64.
#12 18.13 Preparing to unpack .../47-libc6-dev_2.36-9+deb12u14_amd64.deb ...
#12 18.13 Unpacking libc6-dev:amd64 (2.36-9+deb12u14) ...
#12 18.33 Selecting previously unselected package python3-lib2to3.
#12 18.34 Preparing to unpack .../48-python3-lib2to3_3.11.2-3_all.deb ...
#12 18.34 Unpacking python3-lib2to3 (3.11.2-3) ...
#12 18.40 Selecting previously unselected package python3-distutils.
#12 18.41 Preparing to unpack .../49-python3-distutils_3.11.2-3_all.deb ...
#12 18.41 Unpacking python3-distutils (3.11.2-3) ...
#12 18.47 Selecting previously unselected package python3-pip-whl.
#12 18.47 Preparing to unpack .../50-python3-pip-whl_23.0.1+dfsg-1_all.deb ...
#12 18.47 Unpacking python3-pip-whl (23.0.1+dfsg-1) ...
#12 18.61 Selecting previously unselected package python3-setuptools-whl.
#12 18.62 Preparing to unpack .../51-python3-setuptools-whl_66.1.1-1+deb12u2_all.deb ...
#12 18.62 Unpacking python3-setuptools-whl (66.1.1-1+deb12u2) ...
#12 18.74 Selecting previously unselected package python3.11-venv.
#12 18.74 Preparing to unpack .../52-python3.11-venv_3.11.2-6+deb12u8_amd64.deb ...
#12 18.74 Unpacking python3.11-venv (3.11.2-6+deb12u8) ...
#12 18.78 Selecting previously unselected package python3-venv.
#12 18.78 Preparing to unpack .../53-python3-venv_3.11.2-1+b1_amd64.deb ...
#12 18.78 Unpacking python3-venv (3.11.2-1+b1) ...
#12 18.83 Setting up media-types (10.0.0) ...
#12 18.85 Setting up bubblewrap (0.8.0-2+deb12u1) ...
#12 18.86 Setting up python3-setuptools-whl (66.1.1-1+deb12u2) ...
#12 18.87 Setting up libkeyutils1:amd64 (1.6.3-2) ...
#12 18.87 Setting up libpsl5:amd64 (0.21.2-1) ...
#12 18.88 Setting up libtirpc-common (1.3.3+ds-1) ...
#12 18.89 Setting up libbrotli1:amd64 (1.0.9-2+b6) ...
#12 18.90 Setting up libsqlite3-0:amd64 (3.40.1-2+deb12u2) ...
#12 18.91 Setting up binutils-common:amd64 (2.40-2) ...
#12 18.93 Setting up libnghttp2-14:amd64 (1.52.0-1+deb12u3) ...
#12 18.94 Setting up linux-libc-dev:amd64 (6.1.180-1) ...
#12 18.95 Setting up libctf-nobfd0:amd64 (2.40-2) ...
#12 18.96 Setting up libgomp1:amd64 (12.2.0-14+deb12u1) ...
#12 18.97 Setting up libjansson4:amd64 (2.14-2) ...
#12 18.98 Setting up libkrb5support0:amd64 (1.20.1-2+deb12u5) ...
#12 18.98 Setting up libsasl2-modules-db:amd64 (2.1.28+dfsg-10) ...
#12 19.00 Setting up perl-modules-5.36 (5.36.0-7+deb12u3) ...
#12 19.01 Setting up rpcsvc-proto (1.4.3-1) ...
#12 19.01 Setting up libmpfr6:amd64 (4.2.0-1) ...
#12 19.02 Setting up librtmp1:amd64 (2.4+20151223.gitfa8646d.1-2+b2) ...
#12 19.03 Setting up libquadmath0:amd64 (12.2.0-14+deb12u1) ...
#12 19.04 Setting up libmpc3:amd64 (1.3.1-1) ...
#12 19.05 Setting up libatomic1:amd64 (12.2.0-14+deb12u1) ...
#12 19.06 Setting up libncursesw6:amd64 (6.4-4) ...
#12 19.07 Setting up libk5crypto3:amd64 (1.20.1-2+deb12u5) ...
#12 19.08 Setting up libsasl2-2:amd64 (2.1.28+dfsg-10) ...
#12 19.09 Setting up libubsan1:amd64 (12.2.0-14+deb12u1) ...
#12 19.10 Setting up libcrypt-dev:amd64 (1:4.4.33-2) ...
#12 19.12 Setting up libasan8:amd64 (12.2.0-14+deb12u1) ...
#12 19.13 Setting up git-man (1:2.39.5-0+deb12u3) ...
#12 19.14 Setting up libssh2-1:amd64 (1.10.0-3+deb12u1) ...
#12 19.15 Setting up libkrb5-3:amd64 (1.20.1-2+deb12u5) ...
#12 19.15 Setting up libtsan2:amd64 (12.2.0-14+deb12u1) ...
#12 19.16 Setting up libbinutils:amd64 (2.40-2) ...
#12 19.17 Setting up libisl23:amd64 (0.25-1.1) ...
#12 19.18 Setting up libc-dev-bin (2.36-9+deb12u14) ...
#12 19.19 Setting up openssl (3.0.20-1~deb12u2) ...
#12 19.20 Setting up readline-common (8.2-1.3) ...
#12 19.22 Setting up libcc1-0:amd64 (12.2.0-14+deb12u1) ...
#12 19.22 Setting up liblsan0:amd64 (12.2.0-14+deb12u1) ...
#12 19.23 Setting up libitm1:amd64 (12.2.0-14+deb12u1) ...
#12 19.24 Setting up libgdbm6:amd64 (1.23-3) ...
#12 19.25 Setting up libctf0:amd64 (2.40-2) ...
#12 19.26 Setting up cpp-12 (12.2.0-14+deb12u1) ...
#12 19.27 Setting up libreadline8:amd64 (8.2-1.3) ...
#12 19.28 Setting up libldap-2.5-0:amd64 (2.5.13+dfsg-5) ...
#12 19.29 Setting up ca-certificates (20250419~deb12u1) ...
#12 19.39 debconf: unable to initialize frontend: Dialog
#12 19.39 debconf: (TERM is not set, so the dialog frontend is not usable.)
#12 19.39 debconf: falling back to frontend: Readline
#12 19.40 debconf: unable to initialize frontend: Readline
#12 19.40 debconf: (This frontend requires a controlling tty.)
#12 19.40 debconf: falling back to frontend: Teletype
#12 20.19 Updating certificates in /etc/ssl/certs...
#12 21.55 150 added, 0 removed; done.
#12 21.60 Setting up libgprofng0:amd64 (2.40-2) ...
#12 21.62 Setting up libgcc-12-dev:amd64 (12.2.0-14+deb12u1) ...
#12 21.63 Setting up libgssapi-krb5-2:amd64 (1.20.1-2+deb12u5) ...
#12 21.64 Setting up libgdbm-compat4:amd64 (1.23-3) ...
#12 21.65 Setting up cpp (4:12.2.0-3) ...
#12 21.67 Setting up libperl5.36:amd64 (5.36.0-7+deb12u3) ...
#12 21.68 Setting up binutils-x86-64-linux-gnu (2.40-2) ...
#12 21.70 Setting up libtirpc3:amd64 (1.3.3+ds-1) ...
#12 21.71 Setting up python3-pip-whl (23.0.1+dfsg-1) ...
#12 21.72 Setting up libcurl3-gnutls:amd64 (7.88.1-10+deb12u15) ...
#12 21.73 Setting up binutils (2.40-2) ...
#12 21.74 Setting up perl (5.36.0-7+deb12u3) ...
#12 21.77 Setting up libtirpc-dev:amd64 (1.3.3+ds-1) ...
#12 21.78 Setting up gcc-12 (12.2.0-14+deb12u1) ...
#12 21.79 Setting up libnsl2:amd64 (1.3.0-2) ...
#12 21.81 Setting up libpython3.11-stdlib:amd64 (3.11.2-6+deb12u8) ...
#12 21.82 Setting up gcc (4:12.2.0-3) ...
#12 21.85 Setting up liberror-perl (0.17029-2) ...
#12 21.86 Setting up git (1:2.39.5-0+deb12u3) ...
#12 21.88 Setting up libnsl-dev:amd64 (1.3.0-2) ...
#12 21.90 Setting up libc6-dev:amd64 (2.36-9+deb12u14) ...
#12 21.91 Setting up libpython3-stdlib:amd64 (3.11.2-1+b1) ...
#12 21.92 Setting up python3.11 (3.11.2-6+deb12u8) ...
#12 22.57 Setting up python3 (3.11.2-1+b1) ...
#12 22.59 running python rtupdate hooks for python3.11...
#12 22.59 running python post-rtupdate hooks for python3.11...
#12 22.70 Setting up python3-lib2to3 (3.11.2-3) ...
#12 22.82 Setting up python3-distutils (3.11.2-3) ...
#12 22.96 Setting up python3.11-venv (3.11.2-6+deb12u8) ...
#12 23.02 Setting up python3-venv (3.11.2-1+b1) ...
#12 23.03 Processing triggers for libc-bin (2.36-9+deb12u14) ...
#12 23.06 Processing triggers for ca-certificates (20250419~deb12u1) ...
#12 23.07 Updating certificates in /etc/ssl/certs...
#12 24.16 0 added, 0 removed; done.
#12 24.16 Running hooks in /etc/ca-certificates/update.d...
#12 24.16 done.
#12 24.28 useradd warning: pharness's uid 65532 outside of the UID_MIN 1000 and UID_MAX 60000 range.
#12 DONE 25.4s

#7 [internal] load build context
#7 transferring context:
#7 transferring context: 65.00kB 0.6s done
#7 DONE 0.6s

#13 [builder 2/7] WORKDIR /build
#13 CACHED

#14 [builder 3/7] COPY Cargo.toml Cargo.lock rust-toolchain.toml ./
#14 CACHED

#15 [builder 4/7] COPY crates ./crates
#15 CACHED

#16 [builder 5/7] COPY deploy/helm/pharness/files/inference-registry.json ./deploy/helm/pharness/files/inference-registry.json
#16 CACHED

#17 [builder 6/7] RUN test "amd64" = "amd64"     && apt-get update     && apt-get install -y --no-install-recommends gcc-x86-64-linux-gnu libc6-dev-amd64-cross     && rm -rf /var/lib/apt/lists/*     && rustup target add x86_64-unknown-linux-gnu
#17 CACHED

#18 [stage-3  3/15] COPY --from=rust-runtime /usr/local/cargo /usr/local/cargo
#18 DONE 0.1s

#19 [builder 7/7] RUN cargo build --release --target x86_64-unknown-linux-gnu -p pharness-eval -p pharness-codex-host
#19 0.203     Updating crates.io index
#19 2.163  Downloading crates ...
#19 2.379   Downloaded futures-task v0.3.32
#19 2.385   Downloaded equivalent v1.0.2
#19 2.417   Downloaded crypto-common v0.1.7
#19 2.421   Downloaded futures-io v0.3.32
#19 2.430   Downloaded anstyle-query v1.1.5
#19 2.437   Downloaded cpufeatures v0.2.17
#19 2.444   Downloaded futures-core v0.3.32
#19 2.447   Downloaded http-body v1.0.1
#19 2.478   Downloaded cfg_aliases v0.2.1
#19 2.480   Downloaded colorchoice v1.0.5
#19 2.482   Downloaded block-buffer v0.10.4
#19 2.485   Downloaded errno v0.3.14
#19 2.489   Downloaded serde_urlencoded v0.7.1
#19 2.493   Downloaded heck v0.5.0
#19 2.496   Downloaded futures-macro v0.3.32
#19 2.498   Downloaded form_urlencoded v1.2.2
#19 2.499   Downloaded futures-sink v0.3.32
#19 2.501   Downloaded atomic-waker v1.1.2
#19 2.503   Downloaded clap_lex v1.1.0
#19 2.506   Downloaded same-file v1.0.6
#19 2.509   Downloaded serde_spanned v0.6.9
#19 2.510   Downloaded aho-corasick v1.1.4
#19 2.537   Downloaded stable_deref_trait v1.2.1
#19 2.544   Downloaded lru-slab v0.1.2
#19 2.546   Downloaded percent-encoding v2.3.2
#19 2.553   Downloaded secrecy v0.8.0
#19 2.555   Downloaded lazy_static v1.5.0
#19 2.559   Downloaded rustc-hash v2.1.2
#19 2.561   Downloaded is_terminal_polyfill v1.70.2
#19 2.563   Downloaded itoa v1.0.18
#19 2.566   Downloaded idna_adapter v1.2.2
#19 2.568   Downloaded subtle v2.6.1
#19 2.570   Downloaded potential_utf v0.1.5
#19 2.572   Downloaded tower-service v0.3.3
#19 2.576   Downloaded crossbeam-deque v0.8.7
#19 2.579   Downloaded find-msvc-tools v0.1.9
#19 2.582   Downloaded globset v0.4.19
#19 2.585   Downloaded futures-executor v0.3.32
#19 2.588   Downloaded anstyle v1.0.14
#19 2.591   Downloaded cfg-if v1.0.4
#19 2.593   Downloaded digest v0.10.7
#19 2.597   Downloaded generic-array v0.14.7
#19 2.600   Downloaded anstyle-parse v1.0.0
#19 2.603   Downloaded matchers v0.2.0
#19 2.605   Downloaded anstream v1.0.0
#19 2.609   Downloaded slab v0.4.12
#19 2.611   Downloaded sha2 v0.10.9
#19 2.615   Downloaded async-trait v0.1.89
#19 2.623   Downloaded sync_wrapper v1.0.2
#19 2.627   Downloaded pin-project-lite v0.2.17
#19 2.638   Downloaded quote v1.0.45
#19 2.644   Downloaded http-body-util v0.1.3
#19 2.647   Downloaded hyper-rustls v0.27.9
#19 2.649   Downloaded toml_write v0.1.2
#19 2.651   Downloaded ppv-lite86 v0.2.21
#19 2.654   Downloaded toml_datetime v0.6.11
#19 2.656   Downloaded version_check v0.9.5
#19 2.658   Downloaded rand_core v0.9.5
#19 2.660   Downloaded anyhow v1.0.102
#19 2.668   Downloaded untrusted v0.9.0
#19 2.671   Downloaded clap_derive v4.6.1
#19 2.675   Downloaded want v0.3.1
#19 2.677   Downloaded camino v1.2.2
#19 2.680   Downloaded getrandom v0.2.17
#19 2.685   Downloaded displaydoc v0.2.5
#19 2.691   Downloaded bitflags v2.11.1
#19 2.700   Downloaded ipnet v2.12.0
#19 2.703   Downloaded utf8_iter v1.0.4
#19 2.705   Downloaded zerofrom v0.1.7
#19 2.706   Downloaded quinn-udp v0.5.14
#19 2.709   Downloaded litemap v0.8.2
#19 2.713   Downloaded once_cell v1.21.4
#19 2.718   Downloaded tinyvec_macros v0.1.1
#19 2.720   Downloaded nu-ansi-term v0.50.3
#19 2.724   Downloaded rand_chacha v0.9.0
#19 2.726   Downloaded try-lock v0.2.5
#19 2.727   Downloaded strsim v0.11.1
#19 2.730   Downloaded crossbeam-utils v0.8.21
#19 2.735   Downloaded futures-channel v0.3.32
#19 2.738   Downloaded getrandom v0.4.3
#19 2.745   Downloaded hmac v0.12.1
#19 2.749   Downloaded futures v0.3.32
#19 2.758   Downloaded getrandom v0.3.4
#19 2.765   Downloaded clap v4.6.1
#19 2.786   Downloaded crossbeam-epoch v0.9.20
#19 2.790   Downloaded log v0.4.29
#19 2.794   Downloaded icu_provider v2.2.0
#19 2.799   Downloaded bytes v1.11.1
#19 2.807   Downloaded httparse v1.10.1
#19 2.811   Downloaded icu_properties v2.2.0
#19 2.815   Downloaded tokio-macros v2.7.0
#19 2.816   Downloaded proc-macro2 v1.0.106
#19 2.822   Downloaded ignore v0.4.32
#19 2.826   Downloaded utf8parse v0.2.2
#19 2.827   Downloaded tower-layer v0.3.3
#19 2.829   Downloaded zerofrom-derive v0.1.7
#19 2.831   Downloaded icu_normalizer_data v2.2.0
#19 2.834   Downloaded base64 v0.22.1
#19 2.840   Downloaded icu_collections v2.2.0
#19 2.852   Downloaded icu_normalizer v2.2.0
#19 2.859   Downloaded signal-hook-registry v1.4.8
#19 2.861   Downloaded quinn v0.11.9
#19 2.866   Downloaded shlex v1.3.0
#19 2.868   Downloaded cc v1.2.61
#19 2.873   Downloaded thread_local v1.1.9
#19 2.876   Downloaded writeable v0.6.3
#19 2.879   Downloaded hyper-util v0.1.20
#19 2.890   Downloaded memchr v2.8.0
#19 2.900   Downloaded mio v1.2.0
#19 2.911   Downloaded icu_locale_core v2.2.0
#19 2.924   Downloaded rand v0.9.4
#19 2.931   Downloaded http v1.4.0
#19 2.937   Downloaded indexmap v2.14.0
#19 2.945   Downloaded serde_core v1.0.228
#19 2.949   Downloaded yoke-derive v0.8.2
#19 2.951   Downloaded idna v1.1.0
#19 2.957   Downloaded zmij v1.0.21
#19 2.960   Downloaded hashbrown v0.17.0
#19 2.969   Downloaded zeroize v1.8.2
#19 2.971   Downloaded reqwest v0.12.28
#19 2.980   Downloaded clap_builder v4.6.0
#19 2.991   Downloaded futures-util v0.3.32
#19 3.017   Downloaded tinystr v0.8.3
#19 3.021   Downloaded hyper v1.9.0
#19 3.033   Downloaded icu_properties_data v2.2.0
#19 3.053   Downloaded iri-string v0.7.12
#19 3.068   Downloaded thiserror-impl v2.0.18
#19 3.070   Downloaded thiserror v1.0.69
#19 3.082   Downloaded zerovec-derive v0.11.3
#19 3.085   Downloaded quinn-proto v0.11.14
#19 3.096   Downloaded synstructure v0.13.2
#19 3.097   Downloaded tracing-log v0.2.0
#19 3.100   Downloaded thiserror v2.0.18
#19 3.112   Downloaded bstr v1.13.1
#19 3.124   Downloaded smallvec v1.15.1
#19 3.127   Downloaded regex-syntax v0.8.10
#19 3.137   Downloaded rustls v0.23.40
#19 3.158   Downloaded ryu v1.0.23
#19 3.164   Downloaded yoke v0.8.2
#19 3.167   Downloaded rustls-pki-types v1.14.1
#19 3.172   Downloaded regex-automata v0.4.14
#19 3.194   Downloaded tokio-rustls v0.26.4
#19 3.197   Downloaded walkdir v2.5.0
#19 3.201   Downloaded tracing-attributes v0.1.31
#19 3.206   Downloaded thiserror-impl v1.0.69
#19 3.208   Downloaded serde_yaml v0.9.34+deprecated
#19 3.214   Downloaded socket2 v0.6.3
#19 3.217   Downloaded libc v0.2.186
#19 3.281   Downloaded serde_derive v1.0.228
#19 3.286   Downloaded ring v0.17.14
#19 3.350   Downloaded serde v1.0.228
#19 3.355   Downloaded toml v0.8.23
#19 3.359   Downloaded unsafe-libyaml v0.2.11
#19 3.364   Downloaded tracing-core v0.1.36
#19 3.369   Downloaded tinyvec v1.11.0
#19 3.373   Downloaded sharded-slab v0.1.7
#19 3.378   Downloaded unicode-ident v1.0.24
#19 3.383   Downloaded uuid v1.25.0
#19 3.388   Downloaded rustls-webpki v0.103.13
#19 3.392   Downloaded zerotrie v0.2.4
#19 3.399   Downloaded url v2.5.8
#19 3.403   Downloaded toml_edit v0.22.27
#19 3.410   Downloaded typenum v1.20.0
#19 3.415   Downloaded serde_json v1.0.149
#19 3.428   Downloaded tower v0.5.3
#19 3.445   Downloaded zerovec v0.11.6
#19 3.455   Downloaded tokio-util v0.7.18
#19 3.468   Downloaded tower-http v0.6.8
#19 3.482   Downloaded winnow v0.7.15
#19 3.497   Downloaded webpki-roots v1.0.7
#19 3.501   Downloaded tracing-subscriber v0.3.23
#19 3.514   Downloaded syn v2.0.117
#19 3.531   Downloaded zerocopy v0.8.48
#19 3.570   Downloaded tracing v0.1.44
#19 3.592   Downloaded tokio v1.52.1
#19 3.754    Compiling proc-macro2 v1.0.106
#19 3.754    Compiling quote v1.0.45
#19 3.754    Compiling unicode-ident v1.0.24
#19 3.754    Compiling libc v0.2.186
#19 3.755    Compiling memchr v2.8.0
#19 3.760    Compiling pin-project-lite v0.2.17
#19 3.760    Compiling stable_deref_trait v1.2.1
#19 3.778    Compiling serde_core v1.0.228
#19 3.792    Compiling futures-core v0.3.32
#19 3.797    Compiling cfg-if v1.0.4
#19 3.797    Compiling bytes v1.11.1
#19 3.797    Compiling itoa v1.0.18
#19 3.810    Compiling serde v1.0.228
#19 3.811    Compiling futures-sink v0.3.32
#19 3.819    Compiling shlex v1.3.0
#19 3.819    Compiling find-msvc-tools v0.1.9
#19 3.859    Compiling smallvec v1.15.1
#19 3.859    Compiling once_cell v1.21.4
#19 3.859    Compiling version_check v0.9.5
#19 3.859    Compiling slab v0.4.12
#19 3.964    Compiling futures-channel v0.3.32
#19 3.979    Compiling writeable v0.6.3
#19 4.078    Compiling cc v1.2.61
#19 4.125    Compiling futures-task v0.3.32
#19 4.177    Compiling litemap v0.8.2
#19 4.188    Compiling futures-io v0.3.32
#19 4.234    Compiling zeroize v1.8.2
#19 4.254    Compiling icu_normalizer_data v2.2.0
#19 4.254    Compiling icu_properties_data v2.2.0
#19 4.272    Compiling utf8_iter v1.0.4
#19 4.310    Compiling generic-array v0.14.7
#19 4.327    Compiling subtle v2.6.1
#19 4.335    Compiling tracing-core v0.1.36
#19 4.404    Compiling untrusted v0.9.0
#19 4.462    Compiling typenum v1.20.0
#19 4.473    Compiling httparse v1.10.1
#19 4.520    Compiling rustls-pki-types v1.14.1
#19 4.528    Compiling percent-encoding v2.3.2
#19 4.556    Compiling regex-syntax v0.8.10
#19 4.585    Compiling rustls v0.23.40
#19 4.664    Compiling log v0.4.29
#19 4.677    Compiling try-lock v0.2.5
#19 4.813    Compiling aho-corasick v1.1.4
#19 4.855    Compiling crossbeam-utils v0.8.21
#19 4.866    Compiling tower-service v0.3.3
#19 4.966    Compiling http v1.4.0
#19 5.004    Compiling want v0.3.1
#19 5.089    Compiling atomic-waker v1.1.2
#19 5.256    Compiling crossbeam-epoch v0.9.20
#19 5.303    Compiling zmij v1.0.21
#19 5.575    Compiling syn v2.0.117
#19 5.591    Compiling equivalent v1.0.2
#19 5.608    Compiling hashbrown v0.17.0
#19 5.687    Compiling form_urlencoded v1.2.2
#19 5.859    Compiling sync_wrapper v1.0.2
#19 6.004    Compiling base64 v0.22.1
#19 6.018    Compiling serde_json v1.0.149
#19 6.095    Compiling ryu v1.0.23
#19 6.264    Compiling errno v0.3.14
#19 6.287    Compiling mio v1.2.0
#19 6.301    Compiling socket2 v0.6.3
#19 6.364    Compiling getrandom v0.2.17
#19 6.378    Compiling tower-layer v0.3.3
#19 6.513    Compiling signal-hook-registry v1.4.8
#19 6.661    Compiling http-body v1.0.1
#19 6.730    Compiling ipnet v2.12.0
#19 6.804    Compiling crossbeam-deque v0.8.7
#19 6.960    Compiling ring v0.17.14
#19 7.021    Compiling indexmap v2.14.0
#19 7.058    Compiling block-buffer v0.10.4
#19 7.069    Compiling crypto-common v0.1.7
#19 7.196    Compiling regex-automata v0.4.14
#19 7.220    Compiling digest v0.10.7
#19 7.266    Compiling webpki-roots v1.0.7
#19 7.281    Compiling bstr v1.13.1
#19 7.416    Compiling bitflags v2.11.1
#19 7.658    Compiling iri-string v0.7.12
#19 7.671    Compiling thiserror v1.0.69
#19 7.681    Compiling camino v1.2.2
#19 7.768    Compiling same-file v1.0.6
#19 7.995    Compiling walkdir v2.5.0
#19 8.191    Compiling http-body-util v0.1.3
#19 8.270    Compiling cpufeatures v0.2.17
#19 8.287    Compiling unsafe-libyaml v0.2.11
#19 8.370    Compiling sha2 v0.10.9
#19 8.476    Compiling hmac v0.12.1
#19 8.690    Compiling utf8parse v0.2.2
#19 8.704    Compiling anyhow v1.0.102
#19 8.721    Compiling anstyle v1.0.14
#19 8.801    Compiling anstyle-parse v1.0.0
#19 8.918    Compiling is_terminal_polyfill v1.70.2
#19 9.010    Compiling winnow v0.7.15
#19 9.062    Compiling toml_write v0.1.2
#19 9.125    Compiling colorchoice v1.0.5
#19 9.210    Compiling getrandom v0.4.3
#19 9.224    Compiling anstyle-query v1.1.5
#19 9.313    Compiling anstream v1.0.0
#19 9.324    Compiling heck v0.5.0
#19 9.397    Compiling strsim v0.11.1
#19 9.710    Compiling lazy_static v1.5.0
#19 9.723    Compiling clap_lex v1.1.0
#19 9.811    Compiling sharded-slab v0.1.7
#19 10.31    Compiling clap_builder v4.6.0
#19 10.41    Compiling tracing-log v0.2.0
#19 10.67    Compiling thread_local v1.1.9
#19 10.78    Compiling nu-ansi-term v0.50.3
#19 11.06    Compiling uuid v1.25.0
#19 13.29    Compiling synstructure v0.13.2
#19 13.94    Compiling zerofrom-derive v0.1.7
#19 13.94    Compiling yoke-derive v0.8.2
#19 13.94    Compiling zerovec-derive v0.11.3
#19 13.94    Compiling displaydoc v0.2.5
#19 13.95    Compiling serde_derive v1.0.228
#19 13.96    Compiling tokio-macros v2.7.0
#19 13.96    Compiling futures-macro v0.3.32
#19 13.98    Compiling tracing-attributes v0.1.31
#19 13.98    Compiling thiserror-impl v1.0.69
#19 13.99    Compiling async-trait v0.1.89
#19 13.99    Compiling clap_derive v4.6.1
#19 14.02    Compiling globset v0.4.19
#19 14.02    Compiling matchers v0.2.0
#19 15.52    Compiling ignore v0.4.32
#19 15.53    Compiling tokio v1.52.1
#19 15.81    Compiling futures-util v0.3.32
#19 16.69    Compiling zerofrom v0.1.7
#19 16.77    Compiling tracing v0.1.44
#19 16.87    Compiling yoke v0.8.2
#19 17.20    Compiling zerovec v0.11.6
#19 17.39    Compiling zerotrie v0.2.4
#19 17.42    Compiling tracing-subscriber v0.3.23
#19 17.92    Compiling clap v4.6.1
#19 18.56    Compiling tinystr v0.8.3
#19 18.62    Compiling potential_utf v0.1.5
#19 18.87    Compiling icu_locale_core v2.2.0
#19 18.89    Compiling icu_collections v2.2.0
#19 21.71    Compiling icu_provider v2.2.0
#19 21.95    Compiling serde_urlencoded v0.7.1
#19 21.97    Compiling serde_yaml v0.9.34+deprecated
#19 22.01    Compiling futures-executor v0.3.32
#19 22.40    Compiling icu_normalizer v2.2.0
#19 22.82    Compiling icu_properties v2.2.0
#19 22.97    Compiling futures v0.3.32
#19 23.07    Compiling secrecy v0.8.0
#19 23.19    Compiling toml_datetime v0.6.11
#19 23.26    Compiling serde_spanned v0.6.9
#19 23.93    Compiling toml_edit v0.22.27
#19 24.87    Compiling idna_adapter v1.2.2
#19 24.98    Compiling idna v1.1.0
#19 25.41    Compiling url v2.5.8
#19 25.41    Compiling hyper v1.9.0
#19 25.41    Compiling tower v0.5.3
#19 25.41    Compiling tokio-util v0.7.18
#19 26.35    Compiling tower-http v0.6.8
#19 27.21    Compiling hyper-util v0.1.20
#19 27.69    Compiling toml v0.8.23
#19 28.45    Compiling rustls-webpki v0.103.13
#19 32.99    Compiling tokio-rustls v0.26.4
#19 33.25    Compiling hyper-rustls v0.27.9
#19 33.61    Compiling reqwest v0.12.28
#19 35.57    Compiling pharness-core v0.1.0 (/build/crates/pharness-core)
#19 42.20    Compiling pharness-openai-compatible v0.1.0 (/build/crates/pharness-openai-compatible)
#19 44.06    Compiling pharness-fireworks v0.1.0 (/build/crates/pharness-fireworks)
#19 45.02    Compiling pharness-runhost v0.1.0 (/build/crates/pharness-runhost)
#19 45.02    Compiling pharness-config v0.1.0 (/build/crates/pharness-config)
#19 48.70    Compiling pharness-codex-host v0.1.0 (/build/crates/pharness-codex-host)
#19 54.55    Compiling pharness-eval v0.1.0 (/build/crates/pharness-eval)
#19 74.56     Finished `release` profile [optimized] target(s) in 1m 14s
#19 DONE 74.9s

#20 [codex 2/4] RUN apt-get update     && apt-get install -y --no-install-recommends ca-certificates curl     && rm -rf /var/lib/apt/lists/*
#20 CACHED

#21 [codex 3/4] COPY deploy/docker/install-codex.sh /usr/local/bin/install-codex
#21 CACHED

#22 [codex 4/4] RUN chmod 0755 /usr/local/bin/install-codex     && TARGETARCH="amd64" /usr/local/bin/install-codex /out/codex
#22 CACHED

#23 [stage-3  4/15] COPY --from=rust-runtime /usr/local/rustup /usr/local/rustup
#23 DONE 0.1s

#24 [stage-3  5/15] COPY --from=builder /build/target/x86_64-unknown-linux-gnu/release/pharness-eval /usr/local/bin/pharness-eval
#24 DONE 0.1s

#25 [stage-3  6/15] COPY --from=builder /build/target/x86_64-unknown-linux-gnu/release/pharness-codex-host /usr/local/bin/pharness-codex-host
#25 DONE 0.0s

#26 [stage-3  7/15] COPY --from=codex /out/codex /usr/local/bin/codex
#26 DONE 0.0s

#27 [stage-3  8/15] COPY --from=codex /out/codex-linux-sandbox /usr/local/bin/codex-linux-sandbox
#27 DONE 0.0s

#28 [stage-3  9/15] COPY --from=codex /out/codex-code-mode-host /usr/local/bin/codex-code-mode-host
#28 DONE 0.0s

#29 [stage-3 10/15] COPY --from=codex /out/codex-resources /usr/local/bin/codex-resources
#29 DONE 0.1s

#30 [stage-3 11/15] COPY deploy/codex-host/git-askpass /usr/lib/pharness-codex-host/git-askpass
#30 DONE 0.1s

#31 [stage-3 12/15] RUN chmod 0755 /usr/lib/pharness-codex-host/git-askpass
#31 DONE 0.1s

#32 [stage-3 13/15] WORKDIR /work
#32 DONE 0.0s

#33 [stage-3 14/15] RUN test "$(id -u)" = "65532"     && cargo --version     && rustc --version     && python3 --version     && node --version     && npm --version     && git --version
#33 0.199 cargo 1.98.0 (797e8a9bc 2026-08-05)
#33 0.310 rustc 1.98.0 (88d9e12ae 2026-08-18)
#33 0.328 Python 3.11.2
#33 0.392 v24.20.0
#33 0.634 11.19.0
#33 0.653 git version 2.39.5
#33 DONE 0.7s

#34 [stage-3 15/15] RUN test -x /usr/local/bin/codex-linux-sandbox     && cmp -s /usr/local/bin/codex /usr/local/bin/codex-linux-sandbox     && test -x /usr/local/bin/codex-code-mode-host     && printf '%s  %s\n'       'b3d633427c8c75057fba11dad6051714d44886440305e86ba9d2c0366f4dd63b'       '/usr/local/bin/codex-code-mode-host'       | sha256sum --check --status
#34 DONE 1.4s

#35 exporting to image
#35 exporting layers
#35 exporting layers 21.6s done
#35 ...

#36 [auth] sharing credentials for registry.lucas.engineering
#36 DONE 0.0s

#35 exporting to image
#35 exporting manifest sha256:8d73540d5a3cd7d05a849ae2ca444146ba00fa91bbf9fa6e06653f818de4baa6 0.0s done
#35 exporting config sha256:ad6ac45f2e316b3594b182310d716f85866716ef55084199244905aabac4d40a 0.0s done
#35 pushing layers
#35 pushing layers 280.4s done
#35 pushing manifest for registry.lucas.engineering/pharness-eval-runner:git-19b0c55c48e3614d0b4507d56df3029a52475618@sha256:8d73540d5a3cd7d05a849ae2ca444146ba00fa91bbf9fa6e06653f818de4baa6
#35 pushing manifest for registry.lucas.engineering/pharness-eval-runner:git-19b0c55c48e3614d0b4507d56df3029a52475618@sha256:8d73540d5a3cd7d05a849ae2ca444146ba00fa91bbf9fa6e06653f818de4baa6 10.4s done
#35 DONE 312.5s

#37 resolving provenance for metadata file
#37 DONE 1.6s
repository_root=/Users/wardl/Personal/apps/pharness-astra-corrected-runtime-release
remote=origin
branch=main
verified_revision=19b0c55c48e3614d0b4507d56df3029a52475618
worktree_clean=true
#0 building with "lucas-desktop" instance using remote driver

#1 [internal] load build definition from Dockerfile.codex-host
#1 transferring dockerfile: 41B 0.1s
#1 transferring dockerfile: 5.69kB 0.4s done
#1 DONE 0.5s

#2 [internal] load metadata for docker.io/library/debian:bookworm-slim@sha256:abd67ffcfa541b485a3dff59865ab629aa048a6c613e639d36e7456b0b229241
#2 DONE 0.0s

#3 [internal] load metadata for docker.io/library/rust:1-bookworm@sha256:0e2bcaef56d041a486784e54104a81aebe0da44bd03019bd70bc0401e42e4a97
#3 DONE 0.0s

#4 [internal] load .dockerignore
#4 transferring context: 0.1s
#4 transferring context: 2B 0.2s done
#4 DONE 0.3s

#5 [codex 1/4] FROM docker.io/library/debian:bookworm-slim@sha256:abd67ffcfa541b485a3dff59865ab629aa048a6c613e639d36e7456b0b229241
#5 resolve docker.io/library/debian:bookworm-slim@sha256:abd67ffcfa541b485a3dff59865ab629aa048a6c613e639d36e7456b0b229241 0.0s done
#5 CACHED

#6 [builder 1/7] FROM docker.io/library/rust:1-bookworm@sha256:0e2bcaef56d041a486784e54104a81aebe0da44bd03019bd70bc0401e42e4a97
#6 resolve docker.io/library/rust:1-bookworm@sha256:0e2bcaef56d041a486784e54104a81aebe0da44bd03019bd70bc0401e42e4a97 0.0s done
#6 DONE 0.0s

#7 [internal] load build context
#7 transferring context: 27.26kB 0.3s done
#7 DONE 0.3s

#8 [builder 4/7] COPY crates ./crates
#8 CACHED

#9 [builder 2/7] WORKDIR /build
#9 CACHED

#10 [builder 3/7] COPY Cargo.toml Cargo.lock rust-toolchain.toml ./
#10 CACHED

#11 [builder 5/7] RUN test "amd64" = "amd64"     && apt-get update     && apt-get install -y --no-install-recommends gcc-x86-64-linux-gnu libc6-dev-amd64-cross     && rm -rf /var/lib/apt/lists/*     && rustup target add x86_64-unknown-linux-gnu
#11 CACHED

#12 [runtime 2/9] RUN apt-get update     && apt-get install -y --no-install-recommends bubblewrap ca-certificates git     && rm -rf /var/lib/apt/lists/*     && groupadd --gid 65532 pharness     && useradd --uid 65532 --gid 65532 --home-dir /var/lib/pharness-codex-host --create-home pharness
#12 0.301 Get:1 http://deb.debian.org/debian bookworm InRelease [151 kB]
#12 0.403 Get:2 http://deb.debian.org/debian bookworm-updates InRelease [55.4 kB]
#12 0.439 Get:3 http://deb.debian.org/debian-security bookworm-security InRelease [34.8 kB]
#12 0.516 Get:4 http://deb.debian.org/debian bookworm/main amd64 Packages [8790 kB]
#12 1.099 Get:5 http://deb.debian.org/debian bookworm-updates/main amd64 Packages [6924 B]
#12 1.099 Get:6 http://deb.debian.org/debian-security bookworm-security/main amd64 Packages [336 kB]
#12 1.911 Fetched 9375 kB in 2s (5512 kB/s)
#12 1.911 Reading package lists...
#12 2.487 Reading package lists...
#12 3.021 Building dependency tree...
#12 3.140 Reading state information...
#12 3.286 The following additional packages will be installed:
#12 3.286   git-man libbrotli1 libcurl3-gnutls liberror-perl libexpat1 libgdbm-compat4
#12 3.286   libgdbm6 libgssapi-krb5-2 libk5crypto3 libkeyutils1 libkrb5-3
#12 3.287   libkrb5support0 libldap-2.5-0 libnghttp2-14 libperl5.36 libpsl5 librtmp1
#12 3.287   libsasl2-2 libsasl2-modules-db libssh2-1 libssl3 openssl perl
#12 3.287   perl-modules-5.36
#12 3.289 Suggested packages:
#12 3.289   gettext-base git-daemon-run | git-daemon-sysvinit git-doc git-email git-gui
#12 3.289   gitk gitweb git-cvs git-mediawiki git-svn gdbm-l10n krb5-doc krb5-user
#12 3.289   sensible-utils perl-doc libterm-readline-gnu-perl
#12 3.289   | libterm-readline-perl-perl make libtap-harness-archive-perl
#12 3.289 Recommended packages:
#12 3.289   procps patch less ssh-client krb5-locales libldap-common publicsuffix
#12 3.289   libsasl2-modules netbase
#12 3.448 The following NEW packages will be installed:
#12 3.448   bubblewrap ca-certificates git git-man libbrotli1 libcurl3-gnutls
#12 3.448   liberror-perl libexpat1 libgdbm-compat4 libgdbm6 libgssapi-krb5-2
#12 3.448   libk5crypto3 libkeyutils1 libkrb5-3 libkrb5support0 libldap-2.5-0
#12 3.448   libnghttp2-14 libperl5.36 libpsl5 librtmp1 libsasl2-2 libsasl2-modules-db
#12 3.449   libssh2-1 libssl3 openssl perl perl-modules-5.36
#12 3.545 0 upgraded, 27 newly installed, 0 to remove and 1 not upgraded.
#12 3.545 Need to get 22.4 MB of archives.
#12 3.545 After this operation, 112 MB of additional disk space will be used.
#12 3.545 Get:1 http://deb.debian.org/debian bookworm/main amd64 perl-modules-5.36 all 5.36.0-7+deb12u3 [2815 kB]
#12 3.902 Get:2 http://deb.debian.org/debian bookworm/main amd64 libgdbm6 amd64 1.23-3 [72.2 kB]
#12 3.906 Get:3 http://deb.debian.org/debian bookworm/main amd64 libgdbm-compat4 amd64 1.23-3 [48.2 kB]
#12 3.908 Get:4 http://deb.debian.org/debian bookworm/main amd64 libperl5.36 amd64 5.36.0-7+deb12u3 [4196 kB]
#12 4.150 Get:5 http://deb.debian.org/debian bookworm/main amd64 perl amd64 5.36.0-7+deb12u3 [239 kB]
#12 4.163 Get:6 http://deb.debian.org/debian bookworm/main amd64 libssl3 amd64 3.0.20-1~deb12u2 [2036 kB]
#12 4.266 Get:7 http://deb.debian.org/debian bookworm/main amd64 openssl amd64 3.0.20-1~deb12u2 [1439 kB]
#12 4.338 Get:8 http://deb.debian.org/debian-security bookworm-security/main amd64 ca-certificates all 20250419~deb12u1 [162 kB]
#12 4.346 Get:9 http://deb.debian.org/debian bookworm/main amd64 bubblewrap amd64 0.8.0-2+deb12u1 [47.3 kB]
#12 4.348 Get:10 http://deb.debian.org/debian bookworm/main amd64 libbrotli1 amd64 1.0.9-2+b6 [275 kB]
#12 4.362 Get:11 http://deb.debian.org/debian bookworm/main amd64 libkrb5support0 amd64 1.20.1-2+deb12u5 [33.2 kB]
#12 4.364 Get:12 http://deb.debian.org/debian bookworm/main amd64 libk5crypto3 amd64 1.20.1-2+deb12u5 [79.7 kB]
#12 4.366 Get:13 http://deb.debian.org/debian bookworm/main amd64 libkeyutils1 amd64 1.6.3-2 [8808 B]
#12 4.368 Get:14 http://deb.debian.org/debian bookworm/main amd64 libkrb5-3 amd64 1.20.1-2+deb12u5 [332 kB]
#12 4.383 Get:15 http://deb.debian.org/debian bookworm/main amd64 libgssapi-krb5-2 amd64 1.20.1-2+deb12u5 [135 kB]
#12 4.389 Get:16 http://deb.debian.org/debian bookworm/main amd64 libsasl2-modules-db amd64 2.1.28+dfsg-10 [20.3 kB]
#12 4.391 Get:17 http://deb.debian.org/debian bookworm/main amd64 libsasl2-2 amd64 2.1.28+dfsg-10 [59.7 kB]
#12 4.405 Get:18 http://deb.debian.org/debian bookworm/main amd64 libldap-2.5-0 amd64 2.5.13+dfsg-5 [183 kB]
#12 4.415 Get:19 http://deb.debian.org/debian bookworm/main amd64 libnghttp2-14 amd64 1.52.0-1+deb12u3 [72.4 kB]
#12 4.424 Get:20 http://deb.debian.org/debian bookworm/main amd64 libpsl5 amd64 0.21.2-1 [58.7 kB]
#12 4.427 Get:21 http://deb.debian.org/debian bookworm/main amd64 librtmp1 amd64 2.4+20151223.gitfa8646d.1-2+b2 [60.8 kB]
#12 4.431 Get:22 http://deb.debian.org/debian-security bookworm-security/main amd64 libssh2-1 amd64 1.10.0-3+deb12u1 [176 kB]
#12 4.471 Get:23 http://deb.debian.org/debian bookworm/main amd64 libcurl3-gnutls amd64 7.88.1-10+deb12u15 [386 kB]
#12 4.490 Get:24 http://deb.debian.org/debian-security bookworm-security/main amd64 libexpat1 amd64 2.5.0-1+deb12u3 [104 kB]
#12 4.496 Get:25 http://deb.debian.org/debian bookworm/main amd64 liberror-perl all 0.17029-2 [29.0 kB]
#12 4.497 Get:26 http://deb.debian.org/debian bookworm/main amd64 git-man all 1:2.39.5-0+deb12u3 [2053 kB]
#12 4.600 Get:27 http://deb.debian.org/debian bookworm/main amd64 git amd64 1:2.39.5-0+deb12u3 [7264 kB]
#12 5.139 debconf: delaying package configuration, since apt-utils is not installed
#12 5.173 Fetched 22.4 MB in 2s (14.8 MB/s)
#12 5.205 Selecting previously unselected package perl-modules-5.36.
#12 5.205 (Reading database ... 
(Reading database ... 5%
(Reading database ... 10%
(Reading database ... 15%
(Reading database ... 20%
(Reading database ... 25%
(Reading database ... 30%
(Reading database ... 35%
(Reading database ... 40%
(Reading database ... 45%
(Reading database ... 50%
(Reading database ... 55%
(Reading database ... 60%
(Reading database ... 65%
(Reading database ... 70%
(Reading database ... 75%
(Reading database ... 80%
(Reading database ... 85%
(Reading database ... 90%
(Reading database ... 95%
(Reading database ... 100%
(Reading database ... 6096 files and directories currently installed.)
#12 5.222 Preparing to unpack .../00-perl-modules-5.36_5.36.0-7+deb12u3_all.deb ...
#12 5.224 Unpacking perl-modules-5.36 (5.36.0-7+deb12u3) ...
#12 5.583 Selecting previously unselected package libgdbm6:amd64.
#12 5.585 Preparing to unpack .../01-libgdbm6_1.23-3_amd64.deb ...
#12 5.590 Unpacking libgdbm6:amd64 (1.23-3) ...
#12 5.628 Selecting previously unselected package libgdbm-compat4:amd64.
#12 5.629 Preparing to unpack .../02-libgdbm-compat4_1.23-3_amd64.deb ...
#12 5.632 Unpacking libgdbm-compat4:amd64 (1.23-3) ...
#12 5.670 Selecting previously unselected package libperl5.36:amd64.
#12 5.671 Preparing to unpack .../03-libperl5.36_5.36.0-7+deb12u3_amd64.deb ...
#12 5.674 Unpacking libperl5.36:amd64 (5.36.0-7+deb12u3) ...
#12 6.056 Selecting previously unselected package perl.
#12 6.057 Preparing to unpack .../04-perl_5.36.0-7+deb12u3_amd64.deb ...
#12 6.067 Unpacking perl (5.36.0-7+deb12u3) ...
#12 6.121 Selecting previously unselected package libssl3:amd64.
#12 6.122 Preparing to unpack .../05-libssl3_3.0.20-1~deb12u2_amd64.deb ...
#12 6.125 Unpacking libssl3:amd64 (3.0.20-1~deb12u2) ...
#12 6.319 Selecting previously unselected package openssl.
#12 6.321 Preparing to unpack .../06-openssl_3.0.20-1~deb12u2_amd64.deb ...
#12 6.324 Unpacking openssl (3.0.20-1~deb12u2) ...
#12 6.476 Selecting previously unselected package ca-certificates.
#12 6.477 Preparing to unpack .../07-ca-certificates_20250419~deb12u1_all.deb ...
#12 6.480 Unpacking ca-certificates (20250419~deb12u1) ...
#12 6.554 Selecting previously unselected package bubblewrap.
#12 6.555 Preparing to unpack .../08-bubblewrap_0.8.0-2+deb12u1_amd64.deb ...
#12 6.558 Unpacking bubblewrap (0.8.0-2+deb12u1) ...
#12 6.602 Selecting previously unselected package libbrotli1:amd64.
#12 6.603 Preparing to unpack .../09-libbrotli1_1.0.9-2+b6_amd64.deb ...
#12 6.606 Unpacking libbrotli1:amd64 (1.0.9-2+b6) ...
#12 6.685 Selecting previously unselected package libkrb5support0:amd64.
#12 6.688 Preparing to unpack .../10-libkrb5support0_1.20.1-2+deb12u5_amd64.deb ...
#12 6.691 Unpacking libkrb5support0:amd64 (1.20.1-2+deb12u5) ...
#12 6.735 Selecting previously unselected package libk5crypto3:amd64.
#12 6.736 Preparing to unpack .../11-libk5crypto3_1.20.1-2+deb12u5_amd64.deb ...
#12 6.739 Unpacking libk5crypto3:amd64 (1.20.1-2+deb12u5) ...
#12 6.794 Selecting previously unselected package libkeyutils1:amd64.
#12 6.796 Preparing to unpack .../12-libkeyutils1_1.6.3-2_amd64.deb ...
#12 6.800 Unpacking libkeyutils1:amd64 (1.6.3-2) ...
#12 6.836 Selecting previously unselected package libkrb5-3:amd64.
#12 6.837 Preparing to unpack .../13-libkrb5-3_1.20.1-2+deb12u5_amd64.deb ...
#12 6.840 Unpacking libkrb5-3:amd64 (1.20.1-2+deb12u5) ...
#12 6.914 Selecting previously unselected package libgssapi-krb5-2:amd64.
#12 6.916 Preparing to unpack .../14-libgssapi-krb5-2_1.20.1-2+deb12u5_amd64.deb ...
#12 6.919 Unpacking libgssapi-krb5-2:amd64 (1.20.1-2+deb12u5) ...
#12 6.962 Selecting previously unselected package libsasl2-modules-db:amd64.
#12 6.963 Preparing to unpack .../15-libsasl2-modules-db_2.1.28+dfsg-10_amd64.deb ...
#12 6.966 Unpacking libsasl2-modules-db:amd64 (2.1.28+dfsg-10) ...
#12 7.010 Selecting previously unselected package libsasl2-2:amd64.
#12 7.011 Preparing to unpack .../16-libsasl2-2_2.1.28+dfsg-10_amd64.deb ...
#12 7.014 Unpacking libsasl2-2:amd64 (2.1.28+dfsg-10) ...
#12 7.066 Selecting previously unselected package libldap-2.5-0:amd64.
#12 7.068 Preparing to unpack .../17-libldap-2.5-0_2.5.13+dfsg-5_amd64.deb ...
#12 7.072 Unpacking libldap-2.5-0:amd64 (2.5.13+dfsg-5) ...
#12 7.126 Selecting previously unselected package libnghttp2-14:amd64.
#12 7.127 Preparing to unpack .../18-libnghttp2-14_1.52.0-1+deb12u3_amd64.deb ...
#12 7.130 Unpacking libnghttp2-14:amd64 (1.52.0-1+deb12u3) ...
#12 7.176 Selecting previously unselected package libpsl5:amd64.
#12 7.178 Preparing to unpack .../19-libpsl5_0.21.2-1_amd64.deb ...
#12 7.181 Unpacking libpsl5:amd64 (0.21.2-1) ...
#12 7.228 Selecting previously unselected package librtmp1:amd64.
#12 7.229 Preparing to unpack .../20-librtmp1_2.4+20151223.gitfa8646d.1-2+b2_amd64.deb ...
#12 7.231 Unpacking librtmp1:amd64 (2.4+20151223.gitfa8646d.1-2+b2) ...
#12 7.281 Selecting previously unselected package libssh2-1:amd64.
#12 7.282 Preparing to unpack .../21-libssh2-1_1.10.0-3+deb12u1_amd64.deb ...
#12 7.285 Unpacking libssh2-1:amd64 (1.10.0-3+deb12u1) ...
#12 7.361 Selecting previously unselected package libcurl3-gnutls:amd64.
#12 7.363 Preparing to unpack .../22-libcurl3-gnutls_7.88.1-10+deb12u15_amd64.deb ...
#12 7.367 Unpacking libcurl3-gnutls:amd64 (7.88.1-10+deb12u15) ...
#12 7.460 Selecting previously unselected package libexpat1:amd64.
#12 7.462 Preparing to unpack .../23-libexpat1_2.5.0-1+deb12u3_amd64.deb ...
#12 7.466 Unpacking libexpat1:amd64 (2.5.0-1+deb12u3) ...
#12 7.506 Selecting previously unselected package liberror-perl.
#12 7.508 Preparing to unpack .../24-liberror-perl_0.17029-2_all.deb ...
#12 7.511 Unpacking liberror-perl (0.17029-2) ...
#12 7.545 Selecting previously unselected package git-man.
#12 7.546 Preparing to unpack .../25-git-man_1%3a2.39.5-0+deb12u3_all.deb ...
#12 7.549 Unpacking git-man (1:2.39.5-0+deb12u3) ...
#12 7.700 Selecting previously unselected package git.
#12 7.701 Preparing to unpack .../26-git_1%3a2.39.5-0+deb12u3_amd64.deb ...
#12 7.713 Unpacking git (1:2.39.5-0+deb12u3) ...
#12 8.133 Setting up libexpat1:amd64 (2.5.0-1+deb12u3) ...
#12 8.145 Setting up bubblewrap (0.8.0-2+deb12u1) ...
#12 8.157 Setting up libkeyutils1:amd64 (1.6.3-2) ...
#12 8.167 Setting up libpsl5:amd64 (0.21.2-1) ...
#12 8.175 Setting up libbrotli1:amd64 (1.0.9-2+b6) ...
#12 8.183 Setting up libssl3:amd64 (3.0.20-1~deb12u2) ...
#12 8.191 Setting up libnghttp2-14:amd64 (1.52.0-1+deb12u3) ...
#12 8.201 Setting up libkrb5support0:amd64 (1.20.1-2+deb12u5) ...
#12 8.209 Setting up libsasl2-modules-db:amd64 (2.1.28+dfsg-10) ...
#12 8.217 Setting up perl-modules-5.36 (5.36.0-7+deb12u3) ...
#12 8.227 Setting up librtmp1:amd64 (2.4+20151223.gitfa8646d.1-2+b2) ...
#12 8.236 Setting up libk5crypto3:amd64 (1.20.1-2+deb12u5) ...
#12 8.246 Setting up libsasl2-2:amd64 (2.1.28+dfsg-10) ...
#12 8.256 Setting up git-man (1:2.39.5-0+deb12u3) ...
#12 8.266 Setting up libssh2-1:amd64 (1.10.0-3+deb12u1) ...
#12 8.276 Setting up libkrb5-3:amd64 (1.20.1-2+deb12u5) ...
#12 8.286 Setting up openssl (3.0.20-1~deb12u2) ...
#12 8.303 Setting up libgdbm6:amd64 (1.23-3) ...
#12 8.313 Setting up libldap-2.5-0:amd64 (2.5.13+dfsg-5) ...
#12 8.322 Setting up ca-certificates (20250419~deb12u1) ...
#12 8.431 debconf: unable to initialize frontend: Dialog
#12 8.431 debconf: (TERM is not set, so the dialog frontend is not usable.)
#12 8.431 debconf: falling back to frontend: Readline
#12 8.439 debconf: unable to initialize frontend: Readline
#12 8.439 debconf: (This frontend requires a controlling tty.)
#12 8.439 debconf: falling back to frontend: Teletype
#12 9.257 Updating certificates in /etc/ssl/certs...
#12 10.67 150 added, 0 removed; done.
#12 10.71 Setting up libgssapi-krb5-2:amd64 (1.20.1-2+deb12u5) ...
#12 10.72 Setting up libgdbm-compat4:amd64 (1.23-3) ...
#12 10.73 Setting up libperl5.36:amd64 (5.36.0-7+deb12u3) ...
#12 10.74 Setting up libcurl3-gnutls:amd64 (7.88.1-10+deb12u15) ...
#12 10.75 Setting up perl (5.36.0-7+deb12u3) ...
#12 10.78 Setting up liberror-perl (0.17029-2) ...
#12 10.79 Setting up git (1:2.39.5-0+deb12u3) ...
#12 10.81 Processing triggers for libc-bin (2.36-9+deb12u14) ...
#12 10.83 Processing triggers for ca-certificates (20250419~deb12u1) ...
#12 10.84 Updating certificates in /etc/ssl/certs...
#12 11.53 0 added, 0 removed; done.
#12 11.53 Running hooks in /etc/ca-certificates/update.d...
#12 11.53 done.
#12 11.62 useradd warning: pharness's uid 65532 outside of the UID_MIN 1000 and UID_MAX 60000 range.
#12 DONE 12.0s

#13 [codex 2/4] RUN apt-get update     && apt-get install -y --no-install-recommends ca-certificates curl     && rm -rf /var/lib/apt/lists/*
#13 CACHED

#14 [codex 3/4] COPY deploy/docker/install-codex.sh /usr/local/bin/install-codex
#14 CACHED

#15 [codex 4/4] RUN chmod 0755 /usr/local/bin/install-codex     && TARGETARCH="amd64" /usr/local/bin/install-codex /out/codex
#15 CACHED

#16 [builder 6/7] RUN cargo build --release --target x86_64-unknown-linux-gnu -p pharness-codex-host
#16 0.188     Updating crates.io index
#16 2.149  Downloading crates ...
#16 2.326   Downloaded bitflags v2.11.1
#16 2.361   Downloaded cfg_aliases v0.2.1
#16 2.382   Downloaded anstyle-query v1.1.5
#16 2.385   Downloaded cpufeatures v0.2.17
#16 2.387   Downloaded colorchoice v1.0.5
#16 2.389   Downloaded cfg-if v1.0.4
#16 2.398   Downloaded subtle v2.6.1
#16 2.407   Downloaded atomic-waker v1.1.2
#16 2.424   Downloaded generic-array v0.14.7
#16 2.427   Downloaded lazy_static v1.5.0
#16 2.431   Downloaded itoa v1.0.18
#16 2.433   Downloaded futures-macro v0.3.32
#16 2.435   Downloaded futures-task v0.3.32
#16 2.438   Downloaded futures-io v0.3.32
#16 2.440   Downloaded equivalent v1.0.2
#16 2.442   Downloaded serde_yaml v0.9.34+deprecated
#16 2.449   Downloaded errno v0.3.14
#16 2.463   Downloaded lru-slab v0.1.2
#16 2.465   Downloaded is_terminal_polyfill v1.70.2
#16 2.466   Downloaded percent-encoding v2.3.2
#16 2.468   Downloaded crypto-common v0.1.7
#16 2.478   Downloaded block-buffer v0.10.4
#16 2.485   Downloaded futures-core v0.3.32
#16 2.507   Downloaded idna_adapter v1.2.2
#16 2.509   Downloaded potential_utf v0.1.5
#16 2.511   Downloaded form_urlencoded v1.2.2
#16 2.518   Downloaded matchers v0.2.0
#16 2.520   Downloaded heck v0.5.0
#16 2.524   Downloaded http-body v1.0.1
#16 2.526   Downloaded anstyle v1.0.14
#16 2.529   Downloaded clap_lex v1.1.0
#16 2.531   Downloaded async-trait v0.1.89
#16 2.540   Downloaded strsim v0.11.1
#16 2.543   Downloaded serde_spanned v0.6.9
#16 2.545   Downloaded tinyvec_macros v0.1.1
#16 2.546   Downloaded anstyle-parse v1.0.0
#16 2.549   Downloaded futures-executor v0.3.32
#16 2.552   Downloaded futures-sink v0.3.32
#16 2.553   Downloaded digest v0.10.7
#16 2.557   Downloaded globset v0.4.19
#16 2.559   Downloaded tokio-macros v2.7.0
#16 2.561   Downloaded displaydoc v0.2.5
#16 2.566   Downloaded pin-project-lite v0.2.17
#16 2.577   Downloaded http-body-util v0.1.3
#16 2.580   Downloaded sync_wrapper v1.0.2
#16 2.581   Downloaded anstream v1.0.0
#16 2.585   Downloaded secrecy v0.8.0
#16 2.590   Downloaded toml_write v0.1.2
#16 2.594   Downloaded rand_chacha v0.9.0
#16 2.601   Downloaded ppv-lite86 v0.2.21
#16 2.603   Downloaded rustc-hash v2.1.2
#16 2.606   Downloaded zerofrom v0.1.7
#16 2.608   Downloaded quote v1.0.45
#16 2.613   Downloaded anyhow v1.0.102
#16 2.620   Downloaded ipnet v2.12.0
#16 2.623   Downloaded hyper-rustls v0.27.9
#16 2.625   Downloaded litemap v0.8.2
#16 2.629   Downloaded version_check v0.9.5
#16 2.632   Downloaded untrusted v0.9.0
#16 2.635   Downloaded find-msvc-tools v0.1.9
#16 2.638   Downloaded futures-channel v0.3.32
#16 2.641   Downloaded zerofrom-derive v0.1.7
#16 2.643   Downloaded clap_derive v4.6.1
#16 2.646   Downloaded crossbeam-utils v0.8.21
#16 2.651   Downloaded camino v1.2.2
#16 2.654   Downloaded crossbeam-deque v0.8.7
#16 2.657   Downloaded getrandom v0.2.17
#16 2.663   Downloaded httparse v1.10.1
#16 2.667   Downloaded crossbeam-epoch v0.9.20
#16 2.671   Downloaded once_cell v1.21.4
#16 2.676   Downloaded shlex v1.3.0
#16 2.678   Downloaded nu-ansi-term v0.50.3
#16 2.682   Downloaded rand_core v0.9.5
#16 2.684   Downloaded quinn-udp v0.5.14
#16 2.687   Downloaded stable_deref_trait v1.2.1
#16 2.689   Downloaded serde_urlencoded v0.7.1
#16 2.692   Downloaded clap v4.6.1
#16 2.711   Downloaded want v0.3.1
#16 2.712   Downloaded futures v0.3.32
#16 2.721   Downloaded getrandom v0.3.4
#16 2.727   Downloaded hmac v0.12.1
#16 2.731   Downloaded yoke-derive v0.8.2
#16 2.733   Downloaded tower-layer v0.3.3
#16 2.735   Downloaded tower-service v0.3.3
#16 2.736   Downloaded try-lock v0.2.5
#16 2.738   Downloaded utf8_iter v1.0.4
#16 2.740   Downloaded utf8parse v0.2.2
#16 2.741   Downloaded getrandom v0.4.3
#16 2.748   Downloaded icu_provider v2.2.0
#16 2.753   Downloaded log v0.4.29
#16 2.757   Downloaded same-file v1.0.6
#16 2.760   Downloaded toml_datetime v0.6.11
#16 2.761   Downloaded thiserror v1.0.69
#16 2.773   Downloaded thread_local v1.1.9
#16 2.776   Downloaded icu_normalizer_data v2.2.0
#16 2.779   Downloaded sha2 v0.10.9
#16 2.784   Downloaded bytes v1.11.1
#16 2.791   Downloaded base64 v0.22.1
#16 2.798   Downloaded icu_normalizer v2.2.0
#16 2.804   Downloaded proc-macro2 v1.0.106
#16 2.810   Downloaded icu_locale_core v2.2.0
#16 2.823   Downloaded ignore v0.4.32
#16 2.827   Downloaded icu_collections v2.2.0
#16 2.839   Downloaded icu_properties v2.2.0
#16 2.843   Downloaded quinn v0.11.9
#16 2.848   Downloaded cc v1.2.61
#16 2.853   Downloaded synstructure v0.13.2
#16 2.855   Downloaded thiserror v2.0.18
#16 2.868   Downloaded thiserror-impl v1.0.69
#16 2.870   Downloaded zerovec-derive v0.11.3
#16 2.873   Downloaded thiserror-impl v2.0.18
#16 2.875   Downloaded zeroize v1.8.2
#16 2.878   Downloaded slab v0.4.12
#16 2.880   Downloaded mio v1.2.0
#16 2.891   Downloaded tinystr v0.8.3
#16 2.894   Downloaded rand v0.9.4
#16 2.901   Downloaded memchr v2.8.0
#16 2.910   Downloaded rustls-webpki v0.103.13
#16 2.916   Downloaded aho-corasick v1.1.4
#16 2.924   Downloaded hyper-util v0.1.20
#16 2.935   Downloaded zmij v1.0.21
#16 2.938   Downloaded http v1.4.0
#16 2.945   Downloaded indexmap v2.14.0
#16 2.952   Downloaded walkdir v2.5.0
#16 2.955   Downloaded hyper v1.9.0
#16 2.967   Downloaded iri-string v0.7.12
#16 2.981   Downloaded idna v1.1.0
#16 2.987   Downloaded hashbrown v0.17.0
#16 2.996   Downloaded reqwest v0.12.28
#16 3.005   Downloaded futures-util v0.3.32
#16 3.031   Downloaded clap_builder v4.6.0
#16 3.042   Downloaded icu_properties_data v2.2.0
#16 3.062   Downloaded tracing-log v0.2.0
#16 3.065   Downloaded signal-hook-registry v1.4.8
#16 3.066   Downloaded smallvec v1.15.1
#16 3.070   Downloaded quinn-proto v0.11.14
#16 3.081   Downloaded rustls-pki-types v1.14.1
#16 3.086   Downloaded bstr v1.13.1
#16 3.098   Downloaded rustls v0.23.40
#16 3.119   Downloaded regex-syntax v0.8.10
#16 3.130   Downloaded regex-automata v0.4.14
#16 3.153   Downloaded tokio-rustls v0.26.4
#16 3.157   Downloaded writeable v0.6.3
#16 3.161   Downloaded toml v0.8.23
#16 3.165   Downloaded serde_derive v1.0.228
#16 3.170   Downloaded sharded-slab v0.1.7
#16 3.176   Downloaded tinyvec v1.11.0
#16 3.181   Downloaded yoke v0.8.2
#16 3.184   Downloaded unicode-ident v1.0.24
#16 3.189   Downloaded tracing-attributes v0.1.31
#16 3.194   Downloaded unsafe-libyaml v0.2.11
#16 3.199   Downloaded uuid v1.25.0
#16 3.204   Downloaded socket2 v0.6.3
#16 3.207   Downloaded ryu v1.0.23
#16 3.212   Downloaded serde_core v1.0.228
#16 3.217   Downloaded toml_edit v0.22.27
#16 3.224   Downloaded libc v0.2.186
#16 3.285   Downloaded tracing-core v0.1.36
#16 3.290   Downloaded ring v0.17.14
#16 3.353   Downloaded serde v1.0.228
#16 3.359   Downloaded url v2.5.8
#16 3.363   Downloaded zerotrie v0.2.4
#16 3.369   Downloaded typenum v1.20.0
#16 3.375   Downloaded zerovec v0.11.6
#16 3.384   Downloaded tower v0.5.3
#16 3.401   Downloaded tokio-util v0.7.18
#16 3.413   Downloaded serde_json v1.0.149
#16 3.426   Downloaded tower-http v0.6.8
#16 3.439   Downloaded winnow v0.7.15
#16 3.455   Downloaded tracing-subscriber v0.3.23
#16 3.470   Downloaded webpki-roots v1.0.7
#16 3.475   Downloaded syn v2.0.117
#16 3.493   Downloaded zerocopy v0.8.48
#16 3.530   Downloaded tracing v0.1.44
#16 3.554   Downloaded tokio v1.52.1
#16 3.729    Compiling proc-macro2 v1.0.106
#16 3.729    Compiling unicode-ident v1.0.24
#16 3.729    Compiling quote v1.0.45
#16 3.729    Compiling libc v0.2.186
#16 3.729    Compiling memchr v2.8.0
#16 3.729    Compiling pin-project-lite v0.2.17
#16 3.729    Compiling stable_deref_trait v1.2.1
#16 3.729    Compiling serde_core v1.0.228
#16 3.741    Compiling futures-core v0.3.32
#16 3.741    Compiling bytes v1.11.1
#16 3.750    Compiling cfg-if v1.0.4
#16 3.751    Compiling serde v1.0.228
#16 3.765    Compiling futures-sink v0.3.32
#16 3.770    Compiling itoa v1.0.18
#16 3.770    Compiling find-msvc-tools v0.1.9
#16 3.771    Compiling shlex v1.3.0
#16 3.819    Compiling once_cell v1.21.4
#16 3.855    Compiling smallvec v1.15.1
#16 3.856    Compiling zeroize v1.8.2
#16 3.891    Compiling futures-channel v0.3.32
#16 3.913    Compiling version_check v0.9.5
#16 3.924    Compiling litemap v0.8.2
#16 4.068    Compiling cc v1.2.61
#16 4.134    Compiling slab v0.4.12
#16 4.153    Compiling futures-task v0.3.32
#16 4.172    Compiling writeable v0.6.3
#16 4.212    Compiling futures-io v0.3.32
#16 4.223    Compiling utf8_iter v1.0.4
#16 4.268    Compiling icu_properties_data v2.2.0
#16 4.269    Compiling subtle v2.6.1
#16 4.319    Compiling icu_normalizer_data v2.2.0
#16 4.320    Compiling tracing-core v0.1.36
#16 4.349    Compiling generic-array v0.14.7
#16 4.366    Compiling rustls-pki-types v1.14.1
#16 4.423    Compiling httparse v1.10.1
#16 4.439    Compiling percent-encoding v2.3.2
#16 4.449    Compiling typenum v1.20.0
#16 4.527    Compiling untrusted v0.9.0
#16 4.527    Compiling crossbeam-utils v0.8.21
#16 4.677    Compiling aho-corasick v1.1.4
#16 4.729    Compiling rustls v0.23.40
#16 4.747    Compiling try-lock v0.2.5
#16 4.836    Compiling log v0.4.29
#16 4.874    Compiling http v1.4.0
#16 4.908    Compiling regex-syntax v0.8.10
#16 4.953    Compiling tower-service v0.3.3
#16 5.110    Compiling want v0.3.1
#16 5.253    Compiling crossbeam-epoch v0.9.20
#16 5.376    Compiling syn v2.0.117
#16 5.461    Compiling zmij v1.0.21
#16 5.472    Compiling atomic-waker v1.1.2
#16 5.573    Compiling hashbrown v0.17.0
#16 5.626    Compiling equivalent v1.0.2
#16 5.720    Compiling form_urlencoded v1.2.2
#16 6.011    Compiling sync_wrapper v1.0.2
#16 6.025    Compiling tower-layer v0.3.3
#16 6.133    Compiling serde_json v1.0.149
#16 6.146    Compiling ryu v1.0.23
#16 6.158    Compiling base64 v0.22.1
#16 6.260    Compiling ipnet v2.12.0
#16 6.364    Compiling errno v0.3.14
#16 6.442    Compiling mio v1.2.0
#16 6.453    Compiling socket2 v0.6.3
#16 6.464    Compiling getrandom v0.2.17
#16 6.633    Compiling signal-hook-registry v1.4.8
#16 6.719    Compiling http-body v1.0.1
#16 6.731    Compiling ring v0.17.14
#16 6.851    Compiling crossbeam-deque v0.8.7
#16 7.051    Compiling block-buffer v0.10.4
#16 7.113    Compiling indexmap v2.14.0
#16 7.151    Compiling crypto-common v0.1.7
#16 7.245    Compiling webpki-roots v1.0.7
#16 7.272    Compiling bstr v1.13.1
#16 7.328    Compiling digest v0.10.7
#16 7.375    Compiling iri-string v0.7.12
#16 7.436    Compiling bitflags v2.11.1
#16 7.749    Compiling regex-automata v0.4.14
#16 7.758    Compiling same-file v1.0.6
#16 7.806    Compiling camino v1.2.2
#16 7.941    Compiling thiserror v1.0.69
#16 7.957    Compiling walkdir v2.5.0
#16 8.345    Compiling http-body-util v0.1.3
#16 8.404    Compiling cpufeatures v0.2.17
#16 8.502    Compiling unsafe-libyaml v0.2.11
#16 8.515    Compiling sha2 v0.10.9
#16 8.516    Compiling hmac v0.12.1
#16 8.728    Compiling utf8parse v0.2.2
#16 8.741    Compiling anstyle-query v1.1.5
#16 8.823    Compiling anyhow v1.0.102
#16 8.837    Compiling anstyle-parse v1.0.0
#16 8.845    Compiling is_terminal_polyfill v1.70.2
#16 8.869    Compiling colorchoice v1.0.5
#16 8.906    Compiling anstyle v1.0.14
#16 8.941    Compiling getrandom v0.4.3
#16 8.941    Compiling lazy_static v1.5.0
#16 9.016    Compiling strsim v0.11.1
#16 9.049    Compiling winnow v0.7.15
#16 9.373    Compiling anstream v1.0.0
#16 9.407    Compiling toml_write v0.1.2
#16 9.450    Compiling clap_lex v1.1.0
#16 9.472    Compiling heck v0.5.0
#16 9.831    Compiling clap_builder v4.6.0
#16 10.34    Compiling sharded-slab v0.1.7
#16 10.36    Compiling tracing-log v0.2.0
#16 10.53    Compiling thread_local v1.1.9
#16 10.66    Compiling nu-ansi-term v0.50.3
#16 10.94    Compiling uuid v1.25.0
#16 12.93    Compiling synstructure v0.13.2
#16 14.02    Compiling zerofrom-derive v0.1.7
#16 14.02    Compiling yoke-derive v0.8.2
#16 14.02    Compiling zerovec-derive v0.11.3
#16 14.02    Compiling displaydoc v0.2.5
#16 14.02    Compiling serde_derive v1.0.228
#16 14.02    Compiling tokio-macros v2.7.0
#16 14.02    Compiling futures-macro v0.3.32
#16 14.02    Compiling tracing-attributes v0.1.31
#16 14.05    Compiling thiserror-impl v1.0.69
#16 14.05    Compiling async-trait v0.1.89
#16 14.06    Compiling clap_derive v4.6.1
#16 15.51    Compiling globset v0.4.19
#16 15.55    Compiling matchers v0.2.0
#16 15.62    Compiling tokio v1.52.1
#16 15.97    Compiling futures-util v0.3.32
#16 16.57    Compiling ignore v0.4.32
#16 16.67    Compiling zerofrom v0.1.7
#16 16.84    Compiling yoke v0.8.2
#16 16.95    Compiling tracing v0.1.44
#16 17.17    Compiling zerovec v0.11.6
#16 17.41    Compiling zerotrie v0.2.4
#16 17.70    Compiling tracing-subscriber v0.3.23
#16 18.05    Compiling clap v4.6.1
#16 18.55    Compiling tinystr v0.8.3
#16 18.72    Compiling potential_utf v0.1.5
#16 18.87    Compiling icu_locale_core v2.2.0
#16 18.95    Compiling icu_collections v2.2.0
#16 21.10    Compiling icu_provider v2.2.0
#16 21.45    Compiling serde_urlencoded v0.7.1
#16 21.65    Compiling icu_normalizer v2.2.0
#16 21.94    Compiling icu_properties v2.2.0
#16 22.15    Compiling futures-executor v0.3.32
#16 22.36    Compiling serde_yaml v0.9.34+deprecated
#16 22.47    Compiling futures v0.3.32
#16 22.57    Compiling secrecy v0.8.0
#16 22.75    Compiling toml_datetime v0.6.11
#16 23.03    Compiling serde_spanned v0.6.9
#16 23.23    Compiling toml_edit v0.22.27
#16 24.17    Compiling idna_adapter v1.2.2
#16 24.34    Compiling idna v1.1.0
#16 25.06    Compiling url v2.5.8
#16 25.89    Compiling hyper v1.9.0
#16 25.89    Compiling tower v0.5.3
#16 25.89    Compiling tokio-util v0.7.18
#16 26.69    Compiling tower-http v0.6.8
#16 27.46    Compiling toml v0.8.23
#16 27.75    Compiling hyper-util v0.1.20
#16 28.25    Compiling rustls-webpki v0.103.13
#16 32.95    Compiling tokio-rustls v0.26.4
#16 33.22    Compiling hyper-rustls v0.27.9
#16 33.57    Compiling reqwest v0.12.28
#16 35.55    Compiling pharness-core v0.1.0 (/build/crates/pharness-core)
#16 42.20    Compiling pharness-openai-compatible v0.1.0 (/build/crates/pharness-openai-compatible)
#16 44.24    Compiling pharness-fireworks v0.1.0 (/build/crates/pharness-fireworks)
#16 45.23    Compiling pharness-runhost v0.1.0 (/build/crates/pharness-runhost)
#16 48.36    Compiling pharness-codex-host v0.1.0 (/build/crates/pharness-codex-host)
#16 61.67     Finished `release` profile [optimized] target(s) in 1m 01s
#16 DONE 62.1s

#17 [builder 7/7] RUN printf '%s\n' "19b0c55c48e3614d0b4507d56df3029a52475618" > /build/REVISION
#17 DONE 0.2s

#18 [runtime 3/9] COPY --from=builder /build/target/x86_64-unknown-linux-gnu/release/pharness-codex-host /usr/local/bin/pharness-codex-host
#18 DONE 0.1s

#19 [runtime 4/9] COPY --from=codex /out/codex /usr/local/bin/codex
#19 DONE 0.0s

#20 [runtime 5/9] COPY --from=codex /out/codex-linux-sandbox /usr/local/bin/codex-linux-sandbox
#20 DONE 0.1s

#21 [runtime 6/9] COPY --from=codex /out/codex-code-mode-host /usr/local/bin/codex-code-mode-host
#21 DONE 0.1s

#22 [runtime 7/9] COPY --from=codex /out/codex-resources /usr/local/bin/codex-resources
#22 DONE 0.1s

#23 [runtime 8/9] COPY deploy/codex-host/git-askpass /usr/lib/pharness-codex-host/git-askpass
#23 DONE 0.1s

#24 [runtime 9/9] RUN chmod 0755 /usr/lib/pharness-codex-host/git-askpass
#24 DONE 0.1s

#25 exporting to image
#25 exporting layers
#25 exporting layers 12.1s done
#25 ...

#26 [auth] sharing credentials for registry.lucas.engineering
#26 DONE 0.0s

#25 exporting to image
#25 exporting manifest sha256:0d5d8af760236075effa76240f606f2acbb73eb3ca616214a52ff8f0c91bfb0d 0.0s done
#25 exporting config sha256:b25798e089801f036fc72e8076a4c9e1c479797f32d9a263e4824747e0c68720 0.0s done
#25 pushing layers
#25 pushing layers 197.0s done
#25 pushing manifest for registry.lucas.engineering/pharness-codex-host:git-19b0c55c48e3614d0b4507d56df3029a52475618@sha256:0d5d8af760236075effa76240f606f2acbb73eb3ca616214a52ff8f0c91bfb0d
#25 pushing manifest for registry.lucas.engineering/pharness-codex-host:git-19b0c55c48e3614d0b4507d56df3029a52475618@sha256:0d5d8af760236075effa76240f606f2acbb73eb3ca616214a52ff8f0c91bfb0d 9.7s done
#25 DONE 218.7s

#27 resolving provenance for metadata file
#27 DONE 1.5s
repository_root=/Users/wardl/Personal/apps/pharness-astra-corrected-runtime-release
remote=origin
branch=main
verified_revision=19b0c55c48e3614d0b4507d56df3029a52475618
worktree_clean=true
#0 building with "lucas-desktop" instance using remote driver

#1 [internal] load build definition from Dockerfile.codex-host
#1 transferring dockerfile: 41B 0.1s
#1 transferring dockerfile: 5.69kB 0.5s done
#1 DONE 0.5s

#2 [internal] load metadata for docker.io/library/debian:bookworm-slim@sha256:abd67ffcfa541b485a3dff59865ab629aa048a6c613e639d36e7456b0b229241
#2 DONE 0.0s

#3 [internal] load metadata for docker.io/library/rust:1-bookworm@sha256:0e2bcaef56d041a486784e54104a81aebe0da44bd03019bd70bc0401e42e4a97
#3 DONE 1.0s

#4 [internal] load .dockerignore
#4 transferring context: 0.4s
#4 transferring context: 2B 0.6s done
#4 DONE 0.6s

#5 [codex 1/4] FROM docker.io/library/debian:bookworm-slim@sha256:abd67ffcfa541b485a3dff59865ab629aa048a6c613e639d36e7456b0b229241
#5 resolve docker.io/library/debian:bookworm-slim@sha256:abd67ffcfa541b485a3dff59865ab629aa048a6c613e639d36e7456b0b229241 0.0s done
#5 DONE 0.0s

#6 [builder 1/7] FROM docker.io/library/rust:1-bookworm@sha256:0e2bcaef56d041a486784e54104a81aebe0da44bd03019bd70bc0401e42e4a97
#6 resolve docker.io/library/rust:1-bookworm@sha256:0e2bcaef56d041a486784e54104a81aebe0da44bd03019bd70bc0401e42e4a97 0.0s done
#6 DONE 0.0s

#7 [internal] load build context
#7 transferring context: 27.26kB 0.6s done
#7 DONE 0.6s

#8 [runtime 6/9] COPY --from=codex /out/codex-code-mode-host /usr/local/bin/codex-code-mode-host
#8 CACHED

#9 [builder 3/7] COPY Cargo.toml Cargo.lock rust-toolchain.toml ./
#9 CACHED

#10 [builder 4/7] COPY crates ./crates
#10 CACHED

#11 [runtime 4/9] COPY --from=codex /out/codex /usr/local/bin/codex
#11 CACHED

#12 [runtime 5/9] COPY --from=codex /out/codex-linux-sandbox /usr/local/bin/codex-linux-sandbox
#12 CACHED

#13 [builder 6/7] RUN cargo build --release --target x86_64-unknown-linux-gnu -p pharness-codex-host
#13 CACHED

#14 [runtime 3/9] COPY --from=builder /build/target/x86_64-unknown-linux-gnu/release/pharness-codex-host /usr/local/bin/pharness-codex-host
#14 CACHED

#15 [runtime 8/9] COPY deploy/codex-host/git-askpass /usr/lib/pharness-codex-host/git-askpass
#15 CACHED

#16 [runtime 7/9] COPY --from=codex /out/codex-resources /usr/local/bin/codex-resources
#16 CACHED

#17 [builder 7/7] RUN printf '%s\n' "19b0c55c48e3614d0b4507d56df3029a52475618" > /build/REVISION
#17 CACHED

#18 [builder 2/7] WORKDIR /build
#18 CACHED

#19 [codex 4/4] RUN chmod 0755 /usr/local/bin/install-codex     && TARGETARCH="amd64" /usr/local/bin/install-codex /out/codex
#19 CACHED

#20 [builder 5/7] RUN test "amd64" = "amd64"     && apt-get update     && apt-get install -y --no-install-recommends gcc-x86-64-linux-gnu libc6-dev-amd64-cross     && rm -rf /var/lib/apt/lists/*     && rustup target add x86_64-unknown-linux-gnu
#20 CACHED

#21 [codex 3/4] COPY deploy/docker/install-codex.sh /usr/local/bin/install-codex
#21 CACHED

#22 [runtime 2/9] RUN apt-get update     && apt-get install -y --no-install-recommends bubblewrap ca-certificates git     && rm -rf /var/lib/apt/lists/*     && groupadd --gid 65532 pharness     && useradd --uid 65532 --gid 65532 --home-dir /var/lib/pharness-codex-host --create-home pharness
#22 CACHED

#23 [codex 2/4] RUN apt-get update     && apt-get install -y --no-install-recommends ca-certificates curl     && rm -rf /var/lib/apt/lists/*
#23 CACHED

#24 [runtime 9/9] RUN chmod 0755 /usr/lib/pharness-codex-host/git-askpass
#24 CACHED

#25 [bundle-verification 1/1] RUN test "$(pharness-codex-host --version)" = "pharness-codex-host 0.1.0"     && codex --version | grep -F 'codex-cli 0.150.1' >/dev/null     && test -x /usr/local/bin/codex-linux-sandbox     && cmp -s /usr/local/bin/codex /usr/local/bin/codex-linux-sandbox     && codex-linux-sandbox --help >/dev/null     && test -x /usr/local/bin/codex-code-mode-host     && printf '%s  %s\n'       'b3d633427c8c75057fba11dad6051714d44886440305e86ba9d2c0366f4dd63b'       '/usr/local/bin/codex-code-mode-host'       | sha256sum --check --status     && test "$(command -v bwrap)" = '/usr/bin/bwrap'     && bwrap --version | grep -F 'bubblewrap' >/dev/null     && bwrap --help | grep -F -- '--as-pid-1' >/dev/null     && bwrap --help | grep -F -- '--perms' >/dev/null     && test -x /usr/local/bin/codex-resources/bwrap     && printf '%s  %s\n'       'c102c5f893faed17ed053ce6ceb9fe0bb03069b991a6f0390e54d82c85f1bca0'       '/usr/local/bin/codex-resources/bwrap'       | sha256sum --check --status     && /usr/local/bin/codex-resources/bwrap --version | grep -F 'bubblewrap' >/dev/null     && schema_dir="$(mktemp -d)"     && codex app-server generate-json-schema --experimental --out "${schema_dir}"     && grep -F '"permissionProfile"' "${schema_dir}/v2/CommandExecParams.json" >/dev/null     && grep -F '"permissions"' "${schema_dir}/v2/TurnStartParams.json" >/dev/null     && grep -F '"permissions"' "${schema_dir}/v2/ThreadStartParams.json" >/dev/null     && rm -rf "${schema_dir}"
#25 DONE 0.8s
WARNING: No output specified with remote driver. Build result will only remain in the build cache. To push result image into registry use --push or to load image into docker use --load
#0 building with "lucas-desktop" instance using remote driver

#1 [internal] load build definition from Dockerfile.codex-host
#1 transferring dockerfile: 41B 0.1s
#1 transferring dockerfile: 5.69kB 0.4s done
#1 DONE 0.4s

#2 [internal] load metadata for docker.io/library/rust:1-bookworm@sha256:0e2bcaef56d041a486784e54104a81aebe0da44bd03019bd70bc0401e42e4a97
#2 DONE 0.0s

#3 [internal] load metadata for docker.io/library/debian:bookworm-slim@sha256:abd67ffcfa541b485a3dff59865ab629aa048a6c613e639d36e7456b0b229241
#3 DONE 0.0s

#4 [internal] load .dockerignore
#4 transferring context: 0.1s
#4 transferring context: 2B 0.2s done
#4 DONE 0.2s

#5 [builder 1/7] FROM docker.io/library/rust:1-bookworm@sha256:0e2bcaef56d041a486784e54104a81aebe0da44bd03019bd70bc0401e42e4a97
#5 resolve docker.io/library/rust:1-bookworm@sha256:0e2bcaef56d041a486784e54104a81aebe0da44bd03019bd70bc0401e42e4a97 0.0s done
#5 DONE 0.0s

#6 [codex 1/4] FROM docker.io/library/debian:bookworm-slim@sha256:abd67ffcfa541b485a3dff59865ab629aa048a6c613e639d36e7456b0b229241
#6 resolve docker.io/library/debian:bookworm-slim@sha256:abd67ffcfa541b485a3dff59865ab629aa048a6c613e639d36e7456b0b229241 0.0s done
#6 DONE 0.0s

#7 [internal] load build context
#7 transferring context: 36.33kB 0.7s done
#7 DONE 0.7s

#8 [builder 3/7] COPY Cargo.toml Cargo.lock rust-toolchain.toml ./
#8 CACHED

#9 [builder 5/7] RUN test "amd64" = "amd64"     && apt-get update     && apt-get install -y --no-install-recommends gcc-x86-64-linux-gnu libc6-dev-amd64-cross     && rm -rf /var/lib/apt/lists/*     && rustup target add x86_64-unknown-linux-gnu
#9 CACHED

#10 [builder 2/7] WORKDIR /build
#10 CACHED

#11 [builder 4/7] COPY crates ./crates
#11 CACHED

#12 [builder 6/7] RUN cargo build --release --target x86_64-unknown-linux-gnu -p pharness-codex-host
#12 CACHED

#13 [builder 7/7] RUN printf '%s\n' "19b0c55c48e3614d0b4507d56df3029a52475618" > /build/REVISION
#13 CACHED

#14 [codex 2/4] RUN apt-get update     && apt-get install -y --no-install-recommends ca-certificates curl     && rm -rf /var/lib/apt/lists/*
#14 CACHED

#15 [codex 3/4] COPY deploy/docker/install-codex.sh /usr/local/bin/install-codex
#15 CACHED

#16 [codex 4/4] RUN chmod 0755 /usr/local/bin/install-codex     && TARGETARCH="amd64" /usr/local/bin/install-codex /out/codex
#16 CACHED

#17 [bundle  1/13] COPY --from=builder /build/target/x86_64-unknown-linux-gnu/release/pharness-codex-host /pharness-codex-host/bin/pharness-codex-host
#17 DONE 0.0s

#18 [bundle  2/13] COPY --from=codex /out/codex /pharness-codex-host/bin/codex
#18 DONE 0.1s

#19 [bundle  3/13] COPY --from=codex /out/codex-linux-sandbox /pharness-codex-host/bin/codex-linux-sandbox
#19 DONE 0.1s

#20 [bundle  4/13] COPY --from=codex /out/codex-code-mode-host /pharness-codex-host/bin/codex-code-mode-host
#20 DONE 0.1s

#21 [bundle  5/13] COPY --from=codex /out/codex-resources /pharness-codex-host/bin/codex-resources
#21 DONE 0.1s

#22 [bundle  6/13] COPY --from=builder /build/REVISION /pharness-codex-host/REVISION
#22 DONE 0.0s

#23 [bundle  7/13] COPY deploy/codex-host/git-askpass /pharness-codex-host/libexec/git-askpass
#23 DONE 0.0s

#24 [bundle  8/13] COPY deploy/codex-host/config.toml.example /pharness-codex-host/etc/config.toml.example
#24 DONE 0.0s

#25 [bundle  9/13] COPY deploy/codex-host/pharness-codex-host.service /pharness-codex-host/lib/systemd/system/pharness-codex-host.service
#25 DONE 0.0s

#26 [bundle 10/13] COPY deploy/codex-host/install.sh /pharness-codex-host/install.sh
#26 DONE 0.0s

#27 [bundle 11/13] COPY deploy/codex-host/uninstall.sh /pharness-codex-host/uninstall.sh
#27 DONE 0.1s

#28 [bundle 12/13] COPY deploy/codex-host/enroll.sh /pharness-codex-host/enroll.sh
#28 DONE 0.0s

#29 [bundle 13/13] COPY deploy/codex-host/login.sh /pharness-codex-host/login.sh
#29 DONE 0.0s

#30 exporting to client directory
#30 copying files 39B
#30 copying files 1.74MB 5.1s
#30 copying files 3.35MB 10.4s
#30 copying files 5.45MB 15.6s
#30 copying files 6.56MB 20.9s
#30 copying files 7.74MB 26.0s
#30 copying files 8.86MB 31.8s
#30 copying files 10.69MB 37.4s
#30 copying files 11.84MB 42.7s
#30 copying files 13.44MB 47.8s
#30 copying files 14.82MB 53.6s
#30 copying files 15.97MB 59.1s
#30 copying files 17.12MB 64.4s
#30 copying files 18.53MB 69.9s
#30 copying files 19.18MB 75.5s
#30 copying files 20.52MB 81.1s
#30 copying files 22.39MB 86.4s
#30 copying files 23.34MB 91.5s
#30 copying files 24.46MB 96.9s
#30 copying files 26.52MB 102.1s
#30 copying files 27.90MB 107.3s
#30 copying files 29.51MB 112.4s
#30 copying files 30.88MB 118.1s
#30 copying files 32.49MB 123.5s
#30 copying files 34.09MB 128.8s
#30 copying files 35.70MB 133.8s
#30 copying files 37.76MB 140.2s
#30 copying files 39.14MB 146.3s
#30 copying files 40.32MB 151.5s
#30 copying files 41.66MB 157.4s
#30 copying files 42.62MB 162.5s
#30 copying files 45.09MB 167.6s
#30 copying files 47.35MB 172.8s
#30 copying files 49.15MB 177.8s
#30 copying files 50.63MB 183.1s
#30 copying files 51.45MB 188.1s
#30 copying files 52.66MB 193.2s
#30 copying files 54.33MB 198.2s
#30 copying files 55.77MB 203.4s
#30 copying files 56.95MB 208.6s
#30 copying files 58.00MB 213.7s
#30 copying files 59.08MB 218.8s
#30 copying files 60.39MB 224.0s
#30 copying files 62.33MB 229.1s
#30 copying files 63.47MB 234.2s
#30 copying files 64.75MB 239.4s
#30 copying files 65.77MB 244.5s
#30 copying files 67.31MB 249.6s
#30 copying files 68.75MB 254.6s
#30 copying files 70.19MB 259.9s
#30 copying files 71.37MB 265.1s
#30 copying files 72.62MB 270.2s
#30 copying files 73.80MB 275.4s
#30 copying files 75.01MB 280.6s
#30 copying files 75.90MB 285.7s
#30 copying files 77.37MB 290.7s
#30 copying files 78.49MB 295.9s
#30 copying files 79.86MB 301.1s
#30 copying files 81.44MB 306.3s
#30 copying files 82.48MB 311.4s
#30 copying files 83.57MB 316.5s
#30 copying files 84.98MB 321.6s
#30 copying files 86.39MB 326.8s
#30 copying files 87.60MB 331.8s
#30 copying files 88.81MB 336.9s
#30 copying files 90.25MB 342.0s
#30 copying files 91.37MB 347.2s
#30 copying files 92.02MB 352.5s
#30 copying files 92.48MB 357.8s
#30 copying files 93.30MB 363.4s
#30 copying files 94.45MB 368.5s
#30 copying files 95.53MB 373.5s
#30 copying files 96.48MB 379.6s
#30 copying files 97.33MB 384.7s
#30 copying files 97.99MB 389.8s
#30 copying files 98.74MB 395.8s
#30 copying files 99.17MB 401.0s
#30 copying files 99.89MB 406.2s
#30 copying files 101.33MB 411.5s
#30 copying files 102.61MB 416.7s
#30 copying files 103.43MB 422.0s
#30 copying files 104.18MB 427.1s
#30 copying files 105.46MB 432.2s
#30 copying files 106.67MB 437.2s
#30 copying files 107.89MB 442.3s
#30 copying files 109.10MB 447.4s
#30 copying files 109.98MB 452.5s
#30 copying files 110.80MB 457.9s
#30 copying files 111.75MB 463.2s
#30 copying files 112.67MB 468.3s
#30 copying files 113.39MB 473.5s
#30 copying files 114.18MB 479.2s
#30 copying files 115.13MB 484.5s
#30 copying files 115.79MB 489.6s
#30 copying files 116.60MB 494.7s
#30 copying files 117.19MB 500.1s
#30 copying files 118.18MB 505.2s
#30 copying files 119.82MB 510.2s
#30 copying files 121.42MB 515.3s
#30 copying files 122.27MB 520.4s
#30 copying files 123.19MB 525.5s
#30 copying files 124.08MB 530.5s
#30 copying files 124.93MB 536.1s
#30 copying files 125.81MB 541.2s
#30 copying files 126.57MB 546.5s
#30 copying files 127.22MB 551.8s
#30 copying files 127.85MB 557.0s
#30 copying files 128.54MB 562.3s
#30 copying files 129.13MB 567.4s
#30 copying files 129.75MB 572.8s
#30 copying files 130.44MB 578.2s
#30 copying files 131.06MB 583.6s
#30 copying files 131.85MB 589.0s
#30 copying files 132.47MB 594.2s
#30 copying files 133.45MB 599.4s
#30 copying files 134.50MB 604.4s
#30 copying files 135.48MB 609.6s
#30 copying files 136.20MB 615.0s
#30 copying files 137.78MB 620.4s
#30 copying files 139.42MB 625.8s
#30 copying files 139.88MB 631.1s
#30 copying files 140.37MB 636.3s
#30 copying files 141.15MB 641.5s
#30 copying files 141.71MB 646.6s
#30 copying files 142.24MB 652.0s
#30 copying files 143.02MB 657.1s
#30 copying files 143.87MB 662.3s
#30 copying files 144.23MB 668.1s
#30 copying files 144.79MB 673.1s
#30 copying files 145.28MB 678.2s
#30 copying files 145.74MB 683.4s
#30 copying files 146.27MB 688.6s
#30 copying files 147.15MB 693.8s
#30 copying files 147.87MB 698.8s
#30 copying files 148.73MB 704.1s
#30 copying files 149.48MB 709.3s
#30 copying files 150.27MB 714.3s
#30 copying files 151.09MB 719.8s
#30 copying files 151.67MB 725.0s
#30 copying files 152.53MB 730.3s
#30 copying files 153.12MB 735.5s
#30 copying files 153.67MB 740.6s
#30 copying files 154.30MB 745.7s
#30 copying files 155.08MB 751.0s
#30 copying files 155.61MB 756.2s
#30 copying files 156.39MB 761.9s
#30 copying files 156.98MB 767.0s
#30 copying files 157.77MB 772.2s
#30 copying files 158.62MB 777.7s
#30 copying files 159.18MB 782.7s
#30 copying files 159.97MB 788.1s
#30 copying files 160.92MB 793.2s
#30 copying files 161.67MB 798.6s
#30 copying files 162.52MB 803.7s
#30 copying files 163.47MB 808.9s
#30 copying files 164.65MB 814.0s
#30 copying files 165.44MB 819.1s
#30 copying files 166.49MB 824.1s
#30 copying files 167.24MB 829.3s
#30 copying files 168.13MB 834.4s
#30 copying files 169.90MB 839.7s
#30 copying files 171.57MB 844.7s
#30 copying files 172.62MB 849.8s
#30 copying files 173.60MB 855.1s
#30 copying files 174.26MB 860.2s
#30 copying files 175.31MB 865.3s
#30 copying files 176.29MB 870.3s
#30 copying files 177.67MB 875.7s
#30 copying files 178.35MB 880.9s
#30 copying files 179.08MB 886.2s
#30 copying files 180.09MB 891.6s
#30 copying files 180.91MB 896.7s
#30 copying files 181.57MB 902.1s
#30 copying files 182.39MB 907.2s
#30 copying files 182.98MB 912.2s
#30 copying files 183.89MB 917.3s
#30 copying files 184.61MB 922.3s
#30 copying files 185.17MB 927.9s
#30 copying files 185.89MB 933.4s
#30 copying files 186.58MB 938.7s
#30 copying files 187.20MB 944.0s
#30 copying files 188.19MB 949.2s
#30 copying files 188.89MB 954.3s
#30 copying files 189.68MB 959.7s
#30 copying files 190.47MB 964.8s
#30 copying files 191.02MB 970.6s
#30 copying files 191.94MB 975.8s
#30 copying files 192.57MB 980.9s
#30 copying files 193.22MB 986.1s
#30 copying files 193.88MB 991.4s
#30 copying files 194.56MB 996.4s
#30 copying files 195.15MB 1001.8s
#30 copying files 195.74MB 1007.1s
#30 copying files 196.47MB 1012.3s
#30 copying files 197.09MB 1017.5s
#30 copying files 197.74MB 1022.5s
#30 copying files 198.43MB 1027.7s
#30 copying files 199.05MB 1033.1s
#30 copying files 199.68MB 1038.4s
#30 copying files 201.02MB 1043.4s
#30 copying files 202.07MB 1048.4s
#30 copying files 202.89MB 1053.5s
#30 copying files 203.68MB 1058.8s
#30 copying files 204.40MB 1064.9s
#30 copying files 204.82MB 1071.9s
#30 copying files 205.31MB 1077.1s
#30 copying files 205.77MB 1082.4s
#30 copying files 206.20MB 1088.0s
#30 copying files 206.95MB 1093.3s
#30 copying files 207.58MB 1098.6s
#30 copying files 208.23MB 1103.7s
#30 copying files 208.99MB 1108.7s
#30 copying files 209.51MB 1114.6s
#30 copying files 210.07MB 1120.0s
#30 copying files 210.56MB 1125.3s
#30 copying files 211.15MB 1130.5s
#30 copying files 211.71MB 1135.6s
#30 copying files 212.20MB 1141.1s
#30 copying files 212.89MB 1146.7s
#30 copying files 213.44MB 1152.1s
#30 copying files 213.93MB 1157.5s
#30 copying files 214.43MB 1162.6s
#30 copying files 215.18MB 1167.7s
#30 copying files 216.13MB 1172.8s
#30 copying files 216.75MB 1178.1s
#30 copying files 217.21MB 1183.3s
#30 copying files 217.93MB 1188.5s
#30 copying files 218.59MB 1193.6s
#30 copying files 219.15MB 1198.7s
#30 copying files 219.67MB 1203.9s
#30 copying files 220.20MB 1209.0s
#30 copying files 220.79MB 1214.0s
#30 copying files 221.38MB 1219.1s
#30 copying files 221.97MB 1224.3s
#30 copying files 222.46MB 1229.4s
#30 copying files 223.05MB 1234.6s
#30 copying files 223.70MB 1239.6s
#30 copying files 224.39MB 1244.9s
#30 copying files 225.08MB 1250.0s
#30 copying files 225.87MB 1255.4s
#30 copying files 226.62MB 1260.7s
#30 copying files 227.21MB 1265.7s
#30 copying files 227.86MB 1270.7s
#30 copying files 228.55MB 1275.8s
#30 copying files 229.11MB 1281.4s
#30 copying files 229.73MB 1286.5s
#30 copying files 230.36MB 1291.6s
#30 copying files 231.18MB 1296.7s
#30 copying files 231.99MB 1301.9s
#30 copying files 232.75MB 1307.2s
#30 copying files 233.21MB 1312.2s
#30 copying files 233.90MB 1317.8s
#30 copying files 234.52MB 1322.9s
#30 copying files 235.30MB 1328.1s
#30 copying files 236.78MB 1333.1s
#30 copying files 237.83MB 1338.3s
#30 copying files 238.88MB 1343.4s
#30 copying files 239.73MB 1348.9s
#30 copying files 240.25MB 1354.1s
#30 copying files 241.01MB 1359.2s
#30 copying files 242.16MB 1364.4s
#30 copying files 243.20MB 1369.6s
#30 copying files 243.86MB 1374.9s
#30 copying files 245.04MB 1380.0s
#30 copying files 246.15MB 1385.1s
#30 copying files 247.46MB 1390.6s
#30 copying files 249.04MB 1395.9s
#30 copying files 250.02MB 1401.0s
#30 copying files 251.04MB 1406.4s
#30 copying files 251.92MB 1411.5s
#30 copying files 252.61MB 1417.4s
#30 copying files 253.43MB 1422.5s
#30 copying files 254.32MB 1427.8s
#30 copying files 254.90MB 1432.9s
#30 copying files 255.92MB 1438.0s
#30 copying files 256.87MB 1443.2s
#30 copying files 257.66MB 1448.4s
#30 copying files 258.44MB 1453.5s
#30 copying files 259.46MB 1458.5s
#30 copying files 260.21MB 1463.9s
#30 copying files 261.00MB 1469.7s
#30 copying files 262.31MB 1474.9s
#30 copying files 263.56MB 1480.1s
#30 copying files 264.08MB 1486.0s
#30 copying files 264.93MB 1491.3s
#30 copying files 265.69MB 1496.5s
#30 copying files 266.31MB 1502.0s
#30 copying files 266.93MB 1507.3s
#30 copying files 268.18MB 1513.1s
#30 copying files 268.93MB 1518.2s
#30 copying files 269.33MB 1523.3s
#30 copying files 270.41MB 1528.3s
#30 copying files 271.46MB 1533.5s
#30 copying files 272.24MB 1538.7s
#30 copying files 273.69MB 1544.0s
#30 copying files 274.83MB 1549.1s
#30 copying files 275.78MB 1554.4s
#30 copying files 276.73MB 1559.7s
#30 copying files 277.55MB 1565.1s
#30 copying files 279.06MB 1571.0s
#30 copying files 280.18MB 1576.2s
#30 copying files 280.99MB 1581.3s
#30 copying files 281.81MB 1586.4s
#30 copying files 282.96MB 1591.6s
#30 copying files 284.08MB 1596.7s
#30 copying files 284.96MB 1601.7s
#30 copying files 285.81MB 1607.1s
#30 copying files 286.73MB 1612.2s
#30 copying files 287.48MB 1617.3s
#30 copying files 288.57MB 1622.7s
#30 copying files 289.29MB 1627.8s
#30 copying files 290.34MB 1632.8s
#30 copying files 291.84MB 1637.9s
#30 copying files 292.93MB 1643.2s
#30 copying files 293.81MB 1648.4s
#30 copying files 294.79MB 1653.6s
#30 copying files 295.71MB 1658.6s
#30 copying files 296.66MB 1663.7s
#30 copying files 297.32MB 1668.8s
#30 copying files 297.81MB 1673.8s
#30 copying files 298.63MB 1679.0s
#30 copying files 299.32MB 1684.2s
#30 copying files 300.27MB 1689.2s
#30 copying files 300.82MB 1694.5s
#30 copying files 301.64MB 1699.6s
#30 copying files 302.36MB 1704.6s
#30 copying files 303.41MB 1709.7s
#30 copying files 304.07MB 1715.0s
#30 copying files 305.22MB 1720.6s
#30 copying files 306.26MB 1726.0s
#30 copying files 306.99MB 1731.1s
#30 copying files 307.71MB 1736.2s
#30 copying files 308.53MB 1741.2s
#30 copying files 309.41MB 1746.4s
#30 copying files 310.62MB 1751.7s
#30 copying files 311.57MB 1756.8s
#30 copying files 312.30MB 1761.8s
#30 copying files 313.18MB 1767.1s
#30 copying files 314.16MB 1772.1s
#30 copying files 314.92MB 1777.2s
#30 copying files 315.48MB 1782.3s
#30 copying files 316.10MB 1787.3s
#30 copying files 316.88MB 1792.4s
#30 copying files 317.77MB 1797.7s
#30 copying files 318.52MB 1802.9s
#30 copying files 319.41MB 1808.2s
#30 copying files 320.46MB 1813.5s
#30 copying files 321.21MB 1818.6s
#30 copying files 322.06MB 1823.6s
#30 copying files 322.82MB 1828.9s
#30 copying files 323.73MB 1834.1s
#30 copying files 324.55MB 1839.1s
#30 copying files 325.18MB 1844.3s
#30 copying files 325.70MB 1849.3s
#30 copying files 326.52MB 1854.5s
#30 copying files 327.41MB 1859.7s
#30 copying files 328.00MB 1864.8s
#30 copying files 328.62MB 1870.1s
#30 copying files 329.24MB 1875.5s
#30 copying files 330.06MB 1880.9s
#30 copying files 330.62MB 1885.9s
#30 copying files 331.44MB 1891.3s
#30 copying files 332.26MB 1896.4s
#30 copying files 333.17MB 1901.5s
#30 copying files 334.09MB 1906.9s
#30 copying files 334.85MB 1912.0s
#30 copying files 335.63MB 1917.2s
#30 copying files 336.65MB 1922.3s
#30 copying files 337.86MB 1927.7s
#30 copying files 338.75MB 1932.9s
#30 copying files 340.25MB 1938.0s
#30 copying files 341.30MB 1943.2s
#30 copying files 342.52MB 1948.3s
#30 copying files 343.40MB 1953.5s
#30 copying files 344.35MB 1958.7s
#30 copying files 345.04MB 1963.7s
#30 copying files 345.86MB 1969.1s
#30 copying files 346.38MB 1974.2s
#30 copying files 347.04MB 1979.4s
#30 copying files 347.99MB 1984.6s
#30 copying files 349.10MB 1990.2s
#30 copying files 350.15MB 1995.6s
#30 copying files 351.20MB 2000.6s
#30 copying files 352.12MB 2006.0s
#30 copying files 353.40MB 2011.1s
#30 copying files 354.25MB 2016.1s
#30 copying files 355.63MB 2021.2s
#30 copying files 357.10MB 2026.5s
#30 copying files 357.92MB 2031.8s
#30 copying files 358.71MB 2036.9s
#30 copying files 359.59MB 2042.2s
#30 copying files 360.57MB 2047.4s
#30 copying files 361.39MB 2052.6s
#30 copying files 362.12MB 2057.6s
#30 copying files 362.90MB 2062.7s
#30 copying files 363.49MB 2068.5s
#30 copying files 364.38MB 2073.5s
#30 copying files 365.43MB 2078.7s
#30 copying files 366.11MB 2083.9s
#30 copying files 367.16MB 2089.4s
#30 copying files 368.18MB 2094.5s
#30 copying files 369.16MB 2099.6s
#30 copying files 370.31MB 2104.8s
#30 copying files 371.52MB 2110.2s
#30 copying files 372.83MB 2115.3s
#30 copying files 374.11MB 2120.5s
#30 copying files 375.36MB 2125.6s
#30 copying files 376.44MB 2130.8s
#30 copying files 377.13MB 2136.3s
#30 copying files 378.18MB 2141.6s
#30 copying files 379.09MB 2146.7s
#30 copying files 379.78MB 2151.8s
#30 copying files 380.73MB 2156.9s
#30 copying files 381.58MB 2162.0s
#30 copying files 382.27MB 2167.0s
#30 copying files 382.99MB 2172.1s
#30 copying files 383.81MB 2177.4s
#30 copying files 384.70MB 2182.4s
#30 copying files 385.32MB 2187.5s
#30 copying files 386.24MB 2192.8s
#30 copying files 386.96MB 2197.9s
#30 copying files 387.71MB 2203.2s
#30 copying files 388.66MB 2208.4s
#30 copying files 389.75MB 2213.6s
#30 copying files 390.76MB 2218.8s
#30 copying files 391.48MB 2224.0s
#30 copying files 392.40MB 2229.1s
#30 copying files 393.15MB 2234.2s
#30 copying files 394.01MB 2239.3s
#30 copying files 395.19MB 2244.5s
#30 copying files 395.97MB 2250.1s
#30 copying files 397.05MB 2255.2s
#30 copying files 397.71MB 2260.2s
#30 copying files 398.37MB 2265.4s
#30 copying files 399.18MB 2270.6s
#30 copying files 400.30MB 2275.7s
#30 copying files 401.32MB 2280.9s
#30 copying files 402.33MB 2285.9s
#30 copying files 403.48MB 2291.0s
#30 copying files 404.36MB 2296.1s
#30 copying files 405.28MB 2301.2s
#30 copying files 406.43MB 2306.3s
#30 copying files 407.12MB 2311.5s
#30 copying files 407.71MB 2316.8s
#30 copying files 408.76MB 2322.0s
#30 copying files 409.61MB 2327.1s
#30 copying files 410.26MB 2332.2s
#30 copying files 410.92MB 2337.3s
#30 copying files 411.71MB 2342.6s
#30 copying files 412.62MB 2347.7s
#30 copying files 413.41MB 2352.9s
#30 copying files 414.29MB 2358.0s
#30 copying files 415.25MB 2363.1s
#30 copying files 416.20MB 2368.4s
#30 copying files 416.85MB 2373.6s
#30 copying files 418.10MB 2378.7s
#30 copying files 418.88MB 2383.8s
#30 copying files 419.93MB 2388.9s
#30 copying files 420.78MB 2393.9s
#30 copying files 421.93MB 2399.1s
#30 copying files 422.88MB 2404.3s
#30 copying files 424.29MB 2409.4s
#30 copying files 425.41MB 2414.4s
#30 copying files 426.23MB 2419.7s
#30 copying files 427.21MB 2424.9s
#30 copying files 428.19MB 2429.9s
#30 copying files 429.17MB 2435.1s
#30 copying files 429.99MB 2440.3s
#30 copying files 430.72MB 2445.9s
#30 copying files 431.40MB 2451.6s
#30 copying files 432.12MB 2456.7s
#30 copying files 432.85MB 2462.0s
#30 copying files 433.76MB 2467.0s
#30 copying files 434.62MB 2472.1s
#30 copying files 435.86MB 2477.1s
#30 copying files 436.81MB 2482.1s
#30 copying files 437.66MB 2487.3s
#30 copying files 438.48MB 2492.4s
#30 copying files 439.11MB 2497.6s
#30 copying files 439.66MB 2502.6s
#30 copying files 440.32MB 2508.2s
#30 copying files 440.91MB 2513.8s
#30 copying files 441.60MB 2519.0s
#30 copying files 442.12MB 2524.1s
#30 copying files 442.51MB 2529.6s
#30 copying files 443.33MB 2534.9s
#30 copying files 443.86MB 2539.9s
#30 copying files 444.58MB 2545.9s
#30 copying files 445.20MB 2551.3s
#30 copying files 445.76MB 2556.6s
#30 copying files 446.42MB 2561.8s
#30 copying files 447.27MB 2567.1s
#30 copying files 448.05MB 2572.2s
#30 copying files 449.14MB 2577.3s
#30 copying files 450.05MB 2582.5s
#30 copying files 450.58MB 2588.0s
#30 copying files 451.23MB 2593.1s
#30 copying files 451.72MB 2598.3s
#30 copying files 452.31MB 2603.6s
#30 copying files 453.30MB 2608.8s
#30 copying files 454.08MB 2613.9s
#30 copying files 454.58MB 2619.1s
#30 copying files 455.30MB 2624.2s
#30 copying files 455.92MB 2629.2s
#30 copying files 456.74MB 2634.4s
#30 copying files 457.53MB 2639.4s
#30 copying files 458.15MB 2644.7s
#30 copying files 458.87MB 2649.8s
#30 copying files 459.49MB 2655.6s
#30 copying files 460.08MB 2661.1s
#30 copying files 460.97MB 2666.3s
#30 copying files 461.82MB 2671.6s
#30 copying files 462.77MB 2676.9s
#30 copying files 463.33MB 2682.0s
#30 copying files 463.82MB 2687.1s
#30 copying files 464.54MB 2692.2s
#30 copying files 465.33MB 2697.4s
#30 copying files 465.92MB 2702.8s
#30 copying files 466.74MB 2707.9s
#30 copying files 467.49MB 2713.0s
#30 copying files 468.47MB 2718.4s
#30 copying files 469.23MB 2723.6s
#30 copying files 470.28MB 2728.7s
#30 copying files 471.00MB 2733.8s
#30 copying files 471.95MB 2739.8s
#30 copying files 473.23MB 2745.0s
#30 copying files 473.65MB 2750.8s
#30 copying files 474.05MB 2756.5s
#30 copying files 474.47MB 2761.5s
#30 copying files 475.03MB 2766.6s
#30 copying files 475.85MB 2771.7s
#30 copying files 476.80MB 2777.0s
#30 copying files 477.32MB 2782.3s
#30 copying files 477.85MB 2787.6s
#30 copying files 478.37MB 2792.7s
#30 copying files 478.90MB 2797.8s
#30 copying files 479.36MB 2803.0s
#30 copying files 479.91MB 2808.0s
#30 copying files 480.50MB 2813.2s
#30 copying files 480.90MB 2818.4s
#30 copying files 481.35MB 2823.6s
#30 copying files 482.01MB 2828.9s
#30 copying files 482.86MB 2834.1s
#30 copying files 483.48MB 2839.3s
#30 copying files 484.14MB 2844.4s
#30 copying files 484.76MB 2849.9s
#30 copying files 485.45MB 2855.2s
#30 copying files 485.81MB 2860.3s
#30 copying files 486.53MB 2865.6s
#30 copying files 487.06MB 2870.6s
#30 copying files 487.75MB 2876.2s
#30 copying files 488.30MB 2881.3s
#30 copying files 488.93MB 2887.1s
#30 copying files 489.35MB 2892.4s
#30 copying files 489.75MB 2897.9s
#30 copying files 490.37MB 2903.2s
#30 copying files 490.86MB 2908.7s
#30 copying files 491.65MB 2913.9s
#30 copying files 492.20MB 2919.0s
#30 copying files 492.79MB 2924.7s
#30 copying files 493.61MB 2929.8s
#30 copying files 494.56MB 2934.8s
#30 copying files 495.15MB 2940.0s
#30 copying files 495.78MB 2945.0s
#30 copying files 496.37MB 2950.1s
#30 copying files 497.28MB 2955.6s
#30 copying files 498.00MB 2960.8s
#30 copying files 498.30MB 2965.8s
#30 copying files 498.69MB 2971.4s
#30 copying files 499.28MB 2976.7s
#30 copying files 499.87MB 2982.2s
#30 copying files 500.40MB 2987.3s
#30 copying files 501.15MB 2992.4s
#30 copying files 501.84MB 2997.7s
#30 copying files 502.56MB 3002.9s
#30 copying files 503.12MB 3008.0s
#30 copying files 503.81MB 3013.3s
#30 copying files 504.43MB 3018.7s
#30 copying files 505.02MB 3024.5s
#30 copying files 505.74MB 3029.7s
#30 copying files 506.69MB 3034.9s
#30 copying files 507.67MB 3040.1s
#30 copying files 508.49MB 3045.1s
#30 copying files 508.95MB 3050.6s
#30 copying files 509.51MB 3055.7s
#30 copying files 510.16MB 3061.3s
#30 copying files 510.82MB 3066.3s
#30 copying files 511.48MB 3071.5s
#30 copying files 511.97MB 3076.6s
#30 copying files 512.59MB 3082.1s
#30 copying files 513.28MB 3087.3s
#30 copying files 513.87MB 3092.6s
#30 copying files 514.43MB 3097.9s
#30 copying files 514.92MB 3102.9s
#30 copying files 515.44MB 3108.1s
#30 copying files 516.16MB 3113.4s
#30 copying files 516.85MB 3118.6s
#30 copying files 517.57MB 3123.8s
#30 copying files 517.97MB 3129.2s
#30 copying files 518.59MB 3134.5s
#30 copying files 519.34MB 3139.8s
#30 copying files 520.13MB 3145.1s
#30 copying files 521.08MB 3150.3s
#30 copying files 521.73MB 3155.3s
#30 copying files 522.23MB 3160.5s
#30 copying files 522.88MB 3165.6s
#30 copying files 523.67MB 3171.2s
#30 copying files 524.72MB 3176.2s
#30 copying files 525.31MB 3181.5s
#30 copying files 525.86MB 3187.1s
#30 copying files 526.16MB 3192.3s
#30 copying files 526.65MB 3197.7s
#30 copying files 527.14MB 3202.9s
#30 copying files 527.57MB 3208.8s
#30 copying files 527.99MB 3213.8s
#30 copying files 528.62MB 3218.9s
#30 copying files 529.21MB 3224.5s
#30 copying files 529.80MB 3229.8s
#30 copying files 530.72MB 3235.2s
#30 copying files 531.30MB 3240.2s
#30 copying files 532.03MB 3245.8s
#30 copying files 532.58MB 3250.8s
#30 copying files 533.07MB 3256.0s
#30 copying files 533.63MB 3261.1s
#30 copying files 534.19MB 3266.4s
#30 copying files 534.78MB 3271.4s
#30 copying files 535.40MB 3277.0s
#30 copying files 536.06MB 3283.6s
#30 copying files 536.65MB 3288.7s
#30 copying files 537.24MB 3293.9s
#30 copying files 537.89MB 3299.2s
#30 copying files 538.35MB 3304.4s
#30 copying files 538.97MB 3310.0s
#30 copying files 539.73MB 3315.2s
#30 copying files 540.38MB 3320.6s
#30 copying files 540.88MB 3326.0s
#30 copying files 541.20MB 3331.1s
#30 copying files 541.69MB 3336.4s
#30 copying files 542.71MB 3341.6s
#30 copying files 543.37MB 3346.7s
#30 copying files 544.22MB 3351.8s
#30 copying files 545.43MB 3357.3s
#30 copying files 551.86MB 3362.5s
#30 copying files 564.08MB 3367.6s
#30 copying files 577.39MB 3372.7s
#30 copying files 592.63MB 3377.7s
#30 copying files 606.55MB 3382.6s done
#30 DONE 3382.6s
./REVISION: OK
./bin/codex: OK
./bin/codex-code-mode-host: OK
./bin/codex-linux-sandbox: OK
./bin/codex-resources/bwrap: OK
./bin/pharness-codex-host: OK
./enroll.sh: OK
./etc/config.toml.example: OK
./install.sh: OK
./lib/systemd/system/pharness-codex-host.service: OK
./libexec/git-askpass: OK
./login.sh: OK
./uninstall.sh: OK
{"revision":"19b0c55c48e3614d0b4507d56df3029a52475618","platform":"linux/amd64","codex_version":"0.150.1","archive":"pharness-codex-host-19b0c55c48e3614d0b4507d56df3029a52475618-linux-amd64.tar.gz","sha256":"10e93e906da13ab1e433558e7f260feaefa1d4bca1a4417d19c43ba8ffe5238e"}
